name,address,category,veryPrice,paymentRatio,link
Stfec Technology,"153 Idimu Ikotun Rd, Seliat B/Stop, Egbeda, Lagos",기타,VERY $1,50%,https://pay.verychat.io/shops/Hindr
ABE NUGRAHA TERAPI WONOGIRI,"Perumahan Buana Asri 1 No.: 7, Dusun Kajarejo, Pokohkidul, Kec. Wonogiri, Kabupaten Wonogiri, Jawa Tengah 57612",의료/건강,20.000,100%,https://pay.verychat.io/shops/OHtaN
SABAROYOT,"jl tambak pamarayan, kp baru, kec.pamarayan, kabupaten serang, banten",패션/잡화,19,50%,https://pay.verychat.io/shops/GhcaG
Ladood Al Madina International Pvt.Ltd.,https://maps.app.goo.gl/pnsv9UXdyZEHxQzr7,사무기기,1.99 pkr,50%,https://pay.verychat.io/shops/aXtaS
Saroj Khaja Ghar,"Benighat Rorang-03, Malekhu
Dhading District, Bagmati Province,
Nepal",식당/카페,-,-,https://pay.verychat.io/shops/rSePo
OFFICER COFFEE ☕ CAFE,"G.R.A street zc areas, Zuru 872101, Kebbi",식당/카페,10 naira,50%,https://pay.verychat.io/shops/MfjZo
Ellabis investment and farming,Oda road akure,반려동물,$2,50%,https://pay.verychat.io/shops/zUsZJ
Imme departmental store,Post office budhla Sant tehsail and district multan,사무기기,0.5,30%,https://pay.verychat.io/shops/djahN
DARBAR_E_SHIREEN,National college chowrangi Sharfabad Karachi Pakistan,식당/카페,-,-,https://pay.verychat.io/shops/xyqig
A'A PRESIDO FOUNDATION and fashion house,Brighter suit house no 34 of Minna Niger State,패션/잡화,#10,40%,https://pay.verychat.io/shops/NrFRW
zambabyid,"Jl. Pulo Jahe No.36d, RT.8/RW.5, Jatinegara, Kec. Cakung, Kota Jakarta Timur, Daerah Khusus Ibukota Jakarta 13930",기타,$0.008,95%,https://pay.verychat.io/shops/XYjyT
Sicxbeats,23 Peter Oduntan,기타,1,100%,https://pay.verychat.io/shops/WnfAK
A-Mart,Selling all grocery things.,기타,-,-,https://pay.verychat.io/shops/VnXyZ
Aqua harvest venture,No7 Olugbala Street Isonyin Ijebu Ode,식당/카페,Ngn #10,50%,https://pay.verychat.io/shops/cjsSD
Phones seller and Repairing of devices.,"Plateau state, jos South Dadin kowa second get.",사무기기,0.01,50%,https://pay.verychat.io/shops/bDjHR
Legit's Enterprise,"Achimota, Christian village. 
Accra - Ghana.
CHRISTIAN ST GA - 389-2380. Achimota, Accra-Ghana",기타,GH¢10,50%,https://pay.verychat.io/shops/TvXaY
Provision,Yola market Adamawa State,기타,0.0024,50%,https://pay.verychat.io/shops/GoYjk
Tailoring and Adornment,Sheikh Abbas Jega Jumu'at Mosque,가전/게임,50,50%,https://pay.verychat.io/shops/HOtQU
막창로2가 삽교곱창 하대원점,"성남시 중원구 둔촌대로 287, 105호",식당/카페,5원,100%,https://pay.verychat.io/shops/uaCDE
Maryam's Sip and Essence,"Sulaiman Adamu Road
Miri 740110, Bauchi",기타,0.004$ - 005$,40%,https://pay.verychat.io/shops/oWoKg
Audu Shebe Multi-purpose Venture,"Shop No, 2 Illorin road Locost Bida, Niger State",기타,#10,50%,https://pay.verychat.io/shops/JTofw
아우성생오리,경남 양산시 평산6길 15,식당/카페,8.5원,100%,https://pay.verychat.io/shops/GhJkL
Al Shehbaz Ecloncatronic,Three road meerwah Mehrabpur fatak station,기타,PKR2.06 $ 0.0072,100%,https://pay.verychat.io/shops/yerVe
Himma Dai Mata & Resources,No. 67B Habibu Road Samaru zaria Kaduna state,기타,$1,50%,https://pay.verychat.io/shops/uxgip
주몽투어,서울특별시 동대문구 왕산로32길 7 BYC 오피스텔 2212,여행/숙박,-,-,https://pay.verychat.io/shops/QwErY
Jaya raya innovation,"Kp. Pondok bahar rt.005/002, kelurahan pondok bahar, kecamatan karang tengah, kota tangerang, banten 15159",의료/건강,125,25%,https://pay.verychat.io/shops/tCBLq
Rudy Goldfx,"Near Radio Citra Atlas 102.6 FM, Tanah Periuk, Lubuk Linggau Selatan II, Lubuklinggau City, South Sumatra 31625",식당/카페,USD $10,50%,https://pay.verychat.io/shops/QFPPM
Pelumi jewelries store,Ibadan,미용,AUD,50%,https://pay.verychat.io/shops/oJyjI
Rj fashion,Jl m yamin kalimantan,패션/잡화,"0,1$",100%,https://pay.verychat.io/shops/ULnhb
Depot isi ulang Fadhil AQUA,"3JGP+9XW, Jl. Cibangkong Lor, Cibangkong, Kec. Batununggal, Kota Bandung, Jawa Barat 40273",기타,0.007$,50%,https://pay.verychat.io/shops/ijRsJ
세명아트,부산 부산진구 냉정로160번길 19-9,기타,문의,50%,https://pay.verychat.io/shops/oZmjD
소장군황제갈비살,인천 서구 건지로 405 1층,식당/카페,5원,30%,https://pay.verychat.io/shops/KYqiK
Yadidiah Limited,HPX8+744 Kwashieman,기타,200,5%,https://pay.verychat.io/shops/dGFXp
신아윈텍,부산광역시 강서구 대저중앙로348번길20(대저1동),기타,10원,50%,https://pay.verychat.io/shops/tbymh
코리아국제인력,서초대로 49길4  5층,기타,10,10%,https://pay.verychat.io/shops/SWUYe
Bakso pak arif,Jiwan madiun,식당/카페,23000,100%,https://pay.verychat.io/shops/psDbS
Popcorn,New millennium city Kaduna State,식당/카페,50,50%,https://pay.verychat.io/shops/WIRhU
Aleeyous Integrated Services,Behind NITEL Malumfashi,식당/카페,50,50%,https://pay.verychat.io/shops/kLneM
Sorlidstyles,"House7,road 6, Erunwon quarters, Olokuta Idi-ABA. Abeokuta",패션/잡화,-,-,https://pay.verychat.io/shops/wVdlX
Seblak Nani,"Jl. Raya Tumapel No.103, Pangetan, Pagentan, Kec. Singosari, Kabupaten Malang, Jawa Timur 65153",식당/카페,1 USD,50%,https://pay.verychat.io/shops/mQBwA
ALI general store,"Chak 327 HR marot post office Marot 
Tahsil Fortabbas district bahawalnagar",미용,1.9pkr . 0.1$,50%,https://pay.verychat.io/shops/qDvZF
Benautics RC,Futa North Gate Akure,기타,"20,000",100%,https://pay.verychat.io/shops/RbZJL
Olosho Threads,"7 Aka itaim street, Uyo",패션/잡화,0.003,50%,https://pay.verychat.io/shops/arckL
Dhakde Dental Clinic,Near Bus Stand Dhanora Road Gadchiroli 442605 Maharashtra India,기타,INR 10 $0.10,50%,https://pay.verychat.io/shops/drfVr
Home for plant,"Pondok Mutiara Asri, Jl. Gapuro Desa Pandan Landung Blok E9 No.03, Krajan, Pandanlandung, Kec. Wagir",기타,50,50%,https://pay.verychat.io/shops/jKfcL
Mercy of God telecommunication,Bale yaku aera Ogbomosho,기타,10,10%,https://pay.verychat.io/shops/cutQx
TRIK DIGITAL INDONESIA,"Dusun Gepuro RT.001 RW.003 Kelurahan Watukebo Kecamatan Blimbingsari Kabupaten Banyuwangi, Jawa Timur",기타,120 IDR,50%,https://pay.verychat.io/shops/kXUCd
Sparkling cleaning services,Damboa road maiduguri,기타,0.1,100%,https://pay.verychat.io/shops/NmlLa
K.MAN GLOBAL SERVICES,"Kano, Nigeria",기타,USDT 0.1,50%,https://pay.verychat.io/shops/UrVMp
한글컴퓨터,서울시 도봉구 도봉로 156길30 2층 202,기타,10원,35%,https://pay.verychat.io/shops/oBVKD
Ali shop,Ferozpur road Lahore satellite Town,기타,1.9pkr or 0.1$,50%,https://pay.verychat.io/shops/oqqmM
YUSUF KELE FASHION AND DESIGN,"Shop no 002 behind inec, office, tudun wada area, zuru,872101, kebbi state",패션/잡화,10 Naira,50%,https://pay.verychat.io/shops/UdcNB
Quba Exchanger,perumahan griya ardha garini blok p27 jiwan madiun,반려동물,"0,1",100%,https://pay.verychat.io/shops/LOsnG
Athaya Durevole Perfume,"Jl. Penggabungan Dusun VI Desa Baru Pasar VIII, Kabupaten Langkat, Sumatera Utara",패션/잡화,$0.0072,50%,https://pay.verychat.io/shops/fgZlO
Jepets fruits and fruit shakes shop,Lower katibo tawala panglao,식당/카페,0.4,20%,https://pay.verychat.io/shops/eXqil
구라포차,부산 사상구 주례로10번길 9,식당/카페,10원,50%,https://pay.verychat.io/shops/FgHjL
인띠모,"충남 천안시 서북구 백석로266 
시계수리센타",패션/잡화,50원,50%,https://pay.verychat.io/shops/IZCzV
beauty,MARADI AHMADU MODEL PRI,미용,50,50%,https://pay.verychat.io/shops/DRgsd
오리궁뎅이 첨단점,"광주광역시 광산구 임방울대로800번길72 
114호",식당/카페,10원,100%,https://pay.verychat.io/shops/HChrV
안여정남성컷트전문점,진주시 호탄길 22번길 4 (수경빌딩 1층),미용,10원,50%,https://pay.verychat.io/shops/RnUzA
Akhilesh genral store,Madhiya kamlawari post madhiya police station basopatti State bihar India,식당/카페,-,-,https://pay.verychat.io/shops/NfrSz
Bhatti kiryana store,Moza khotali mehtum post office karampur district vehari Tehsil Mailsi,부동산/인테리어,1.9pkr 0.1$,50%,https://pay.verychat.io/shops/oNMVE
Control Z Coffee,https://maps.app.goo.gl/utRAzKRgHCkVhXcD6,식당/카페,"5,58",5%,https://pay.verychat.io/shops/oGSPb
Sesame,"OPP SANI MASHAL GOVERNMENT ARABIC SECONDARY SCHOOL KURA KANO STATE, NIGERIA",기타,"10NRN, 2.40/kg",50%,https://pay.verychat.io/shops/Egiem
St electronics,"New garage ibadan, front of fola oil",기타,-,-,https://pay.verychat.io/shops/NbtLI
Buy&sell,Street No 10 College town Pindi Road Kohat,의료/건강,5₨,20%,https://pay.verychat.io/shops/lCouK
PappyK mixes,"6 Abayomi Odukoya close, beside Aladewura church, Ajegunle, Lagos",기타,$1,75%,https://pay.verychat.io/shops/qjhLX
Oumannur Raiment 👗👠,Masari quanters kafur local government kastina state,패션/잡화,50,50%,https://pay.verychat.io/shops/TCyhk
Mhiz Blues’s Treat,"Malam kuri Pantami Gombe, Gombe Nigeria.",식당/카페,0.005,35%,https://pay.verychat.io/shops/QvIph
Alfian Craft,Jl. Kauman 2 Ngebruk Sumberpucung Kabupaten Malang Jawa Timur Indonesia,패션/잡화,$100,50%,https://pay.verychat.io/shops/MZUDe
Coway internasional Indonesia,https://maps.app.goo.gl/9P79onpaidNBfZMC6?g_st=ic,가전/게임,IDR 25,50%,https://pay.verychat.io/shops/IVtZH
Shamu Cloth Store,Shamu Cloth Store G6 Abpara Bazar Near Lal Masjid Islamabad,패션/잡화,0.1,50%,https://pay.verychat.io/shops/xcqUb
Rico komputer,"Jl. Citra Raya Boulevard, Timur, Ciakar, Kec. Panongan, Kabupaten Tangerang, Banten 15711",기타,AUD $1,95%,https://pay.verychat.io/shops/cjmeP
GS25수원파크점,경기도 수원시 권선구 권선로699번길17 101호,기타,10,20%,https://pay.verychat.io/shops/DNEHm
USHA SHREE BALAJI AGENCY,"JAGAT TRADE CENTRE, IN FRONT OF HEM PLAZA, NEAR DAKBUGLOW CHAURAHA, FRZER ROAD, PATNA -800001, BIHAR, INDIA",기타,INR 1 $ 0.01,100%,https://pay.verychat.io/shops/nnshe
Tailoring and fashion design,Kambarawa,패션/잡화,0.7,50%,https://pay.verychat.io/shops/XxsGg
Siomay batagor bandung,Jl beruang 6 jayamukti cikarang baru,식당/카페,120 IDR,50%,https://pay.verychat.io/shops/nvRMD
M.A BIRNI COMMUNICATION,Rijiyar lemo sabon titin yan babura kano,기타,0.0002,50%,https://pay.verychat.io/shops/lQdnb
진주계란,진주시 향교로 33,기타,10원,50%,https://pay.verychat.io/shops/iLKIu
헬로우빈,부산 사상구 가야대로306 헬로우빈,식당/카페,10,50%,https://pay.verychat.io/shops/TaKJm
모던안경,서울 성동구 성덕정길 89,패션/잡화,50원,50%,https://pay.verychat.io/shops/TyUiP
월드김,인천시 남동구 수산동 131번지,가전/게임,10,50%,https://pay.verychat.io/shops/MKmYr
Surajo Water and Soft Drinks,Kutunku new extension Gwagwalada Abuja.,기타,$0.2,35%,https://pay.verychat.io/shops/WaiYx
Angkringan Lacafe,"Jl. Raya Dayeuhluhur, Cihideung, Dayeuhluhur, Kec. Dayeuhluhur, Kabupaten Cilacap, Jawa Tengah 53266",식당/카페,$0.8,20%,https://pay.verychat.io/shops/AIPDQ
Amydon palm oil,No 15 Ezekiel close off Rd 1 ext agip estate,기타,0.007,50%,https://pay.verychat.io/shops/jTLAU
Material,Millennium city  high field estate no 6 kasuwan dole,미용,50,50%,https://pay.verychat.io/shops/RLsSI
Toko beras sri rizki,"Jl.tambak pamarayan,kp.baru,kec.pamarayan,kabupaten serang,banten 42716",기타,10,50%,https://pay.verychat.io/shops/gvHtm
POS,Igboyi area Ogbomoso,식당/카페,0.1,70%,https://pay.verychat.io/shops/oRyvH
Abramsolo,Tudun gwandara kana street lafia nasarawa state,패션/잡화,AUD $0.1,15%,https://pay.verychat.io/shops/CsELa
Weseydollar Enterprises,No. 37 buari street mushin Lagos,기타,0.003$,50%,https://pay.verychat.io/shops/wGWGW
레노마홈 진주정촌점,진주시 정촌면 삼일로 122번길 9-15,패션/잡화,10원,50%,https://pay.verychat.io/shops/RNmGz
Cream and lotion vendor,Obafemi Awolowo University,기타,0.007,50%,https://pay.verychat.io/shops/fQgrM
Baso Rudal Sukses 354,"Jl. Sukamenak No.87, Sukamenak, Kec. Margahayu, Kabupaten Bandung, Jawa Barat 40227",식당/카페,$1,50%,https://pay.verychat.io/shops/GRqia
Natural supplements (GHT)  and perfumes,"Pantami, Gombe",미용,0.004$,30%,https://pay.verychat.io/shops/BtJoD
Akofa's Fabrics,"C4FJ+36C Bagabaga College of Education, P. O. Box ER 35, Tamale",패션/잡화,AUD $0.1,25%,https://pay.verychat.io/shops/mEYGb
Madiun Martial Art Store,Kanigoro madiun,취미/도서,10.000,60%,https://pay.verychat.io/shops/qymXv
GG PHONE STORE,"Shop no 035 phone centre, zuru,872101,kebbi, Nigeria",기타,10 naira,50%,https://pay.verychat.io/shops/rxgYm
Momka investment agencies,"49 David Ejoor street gudu district by adisa estate, house 14 FCT- Abuja.",기타,10,50%,https://pay.verychat.io/shops/Zlizs
Alexis salon,"Challenge Ilorin , Kwara state",기타,0.007,45%,https://pay.verychat.io/shops/IFAuL
Niraj Hair Dresser,"Baniya Marg, Tilottoma 1, Rupandehi, Nepal",미용,-,-,https://pay.verychat.io/shops/GfNvS
Oluwa Feranmi Affiliate marketing business,Lautech Ogbomoso,기타,0.0007,50%,https://pay.verychat.io/shops/rFUGc
삼일공업사,서울 도봉구 도봉로154길 6,기타,10원,50%,https://pay.verychat.io/shops/bvZyQ
Mai Katako,Yankatako Market,기타,0.1,50%,https://pay.verychat.io/shops/VOHJj
탐탐뮤직스튜디오,울산 중구 곽남14길 29 1층,취미/도서,문의,-,https://pay.verychat.io/shops/KlZxC
무등소갈비 고창점,전북특별자치도 고창군 고창읍 중앙로 281,식당/카페,10원,100%,https://pay.verychat.io/shops/QbaAU
Smooth rides interprise,Udemezue junction water works road abakaliki,기타,$1,50%,https://pay.verychat.io/shops/iLPwa
Graphic Designing,"Near Okpoko IV 431104, Anambra",기타,$2,50%,https://pay.verychat.io/shops/ZaKwT
Thakuri Traders,"Belbari-7 Bahuni Bazar, Morang, Nepal",기타,1NPR,50%,https://pay.verychat.io/shops/WmAhT
Roti Gaban,Desa Jayamakmur Kecamatan Jayakerta Kabupaten Karawang,식당/카페,-,-,https://pay.verychat.io/shops/AmeFz
Nanabananasurf,"Jl. Poppies I, Kuta, Kec. Kuta, Kabupaten Badung, Bali 80361",취미/도서,10000,50%,https://pay.verychat.io/shops/Wsuwb
보림필방,광주광역시 동구 중앙로 196번길 15-35,취미/도서,10,100%,https://pay.verychat.io/shops/xiHvH
YHAWCUE STORES,HPX8+F4X Kwashieman,패션/잡화,Gh¢12,50%,https://pay.verychat.io/shops/DaTod
Provision and goods seller,Takie area Ogbomoso,기타,0.007,50%,https://pay.verychat.io/shops/SlPYu
Provision and Elactri Engineering,Kano Dorayi karama garejin kamilu sheik jafar road,기타,0.0025,50%,https://pay.verychat.io/shops/qLrLq
EBEN_VISUALS,NO 9 ZUBIA STREET ODUME LAYOUT OBOSI,기타,"200,000NGN",50%,https://pay.verychat.io/shops/lWLMG
AZ GADGET AND OTHERS,"ISIMEKHAI HOUSE SABO IYAKPI SOUTH-IBIE AUCHI CLOSE TO AUCHI POLYTECHNIC, AUCHI.",기타,0.50,50%,https://pay.verychat.io/shops/CgArV
CGlobals Fashion hub,"25, Onyebuchi Street off Ngwa road Aba, Abia State",패션/잡화,5,50%,https://pay.verychat.io/shops/PLtZE
PT. San Esha Arthamas,Jl. Bukit Kemiling Permai Komplek Rukan Springhill No.37. Kemiling - Kota Bandar Lampung - Provinsi Lampung - Indonesia,부동산/인테리어,$ 1,100%,https://pay.verychat.io/shops/etiMe
Dealer in Vetinary drugs,F7 kawo road kaduna. Nigeria,반려동물,Audio 1,50%,https://pay.verychat.io/shops/ahHUO
STYLE BY OPULENCE,"Bajulaiye road Somolu, Lagos State, Nigeria",패션/잡화,-,-,https://pay.verychat.io/shops/lnFdz
General and book store,Main road Mirok near Chandia ice factory Taulka city Miro Khan District kamber shahdadkot province Sindh Pakistan,사무기기,0.1$,40%,https://pay.verychat.io/shops/RdGTr
Akure transport,"18 Adeogun street Anfani, off ring road ibadan",여행/숙박,0.004,5%,https://pay.verychat.io/shops/aLQYl
R I stor,Anglo jos channel 7 plateau state,기타,0.0015,50%,https://pay.verychat.io/shops/TtUdM
Cosmetic shop,House no 1622 faislabad,미용,0.1,50%,https://pay.verychat.io/shops/gXmcp
Naza beauty salon,No 7 faith avenue rukpokwu port Harcourt,기타,500,50%,https://pay.verychat.io/shops/KpbET
Novest fashion perfect touch,053 ogbuefi crescent ifitedunu,패션/잡화,0.005,50%,https://pay.verychat.io/shops/jbpYj
Phone buy nd sell,Kofar fada kurfi,패션/잡화,50,50%,https://pay.verychat.io/shops/NyChn
Sell motorcycle,Niger state minna kuta road,기타,3 Naira,30%,https://pay.verychat.io/shops/WVDCM
진주자연농부,진주시 호탄동 860-1,기타,10,50%,https://pay.verychat.io/shops/buawK
The Entity,"No9 Mamah Street Orozo, AMAC, Abuja.",기타,0.004$,40%,https://pay.verychat.io/shops/HKVJy
Olamitoyo Tech Ltd,"Mini Estate, off irese road, Near Orange FMIrese, Akure, Ondo state, Akure, Akure North, Ondo",부동산/인테리어,0.15,100%,https://pay.verychat.io/shops/XTaLV
Essel Furniture,HPX8+65V Kwashieman,사무기기,60,5%,https://pay.verychat.io/shops/gMSSp
포천 세스바이오 포천점,포천시 호국로1161,기타,10,10%,https://pay.verychat.io/shops/syDxL
BILL GATES PHONES AND ELECTRONICS,"5.59925° N, 0.29047° W",패션/잡화,$0.4,5%,https://pay.verychat.io/shops/aZmZd
Legit Designs,JQQH+3QR Accra Achimota,기타,$0.001 USD,100%,https://pay.verychat.io/shops/JkHJM
OFFICIAL MARYAM THROW PILLOWS BAGS AND SHOES,"near imam Malik opposite new market, Zuru 872101, Kebbi",패션/잡화,10 naira,50%,https://pay.verychat.io/shops/KGcwb
Ibrahim phone Accessories,Bida niger state low-cost housing estate,미용,10#,50%,https://pay.verychat.io/shops/CSRhG
Blushandblend by fatyy,No 18 Ahmed Buruku road kinkinau Kaduna,미용,50,50%,https://pay.verychat.io/shops/CSCNN
AdeAlaayo couture,No 6 Mukandas street,패션/잡화,10naira,50%,https://pay.verychat.io/shops/wnQEJ
Susu kambing,kp garung celengkrang kabupaten bandung,의료/건강,1000,100%,https://pay.verychat.io/shops/HyyiV
호반,대구 군위군 삼국유사면 삼국유사로 438-32,식당/카페,10원,100%,https://pay.verychat.io/shops/AsDfG
RenZha Collection,"Jl Srinindito Raya no.53, ngemplaksimongan, semarang barat, jawa tengah, indonesia",패션/잡화,"Rp. 350.000,-",50%,https://pay.verychat.io/shops/qRNIY
Njoy collections,Ikpa road Uyo,패션/잡화,0.007,50%,https://pay.verychat.io/shops/QaOul
Body care products women’s beuty and herbal natural traditional beuty products for women items,Kano Dan dishe masallacin juma'a na yan izala,미용,50,50%,https://pay.verychat.io/shops/CxrAt
easy  care center,Janakpur dham,가전/게임,Aud250,100%,https://pay.verychat.io/shops/SDqbL
medical store,baijauli dhanaha syam deurawa maharajganj uttar pardesh-273306,가전/게임,-,-,https://pay.verychat.io/shops/gzuie
진주한우,"울산 울주군 범서읍 장검길 69-23, 1층 105호",식당/카페,10원,50%,https://pay.verychat.io/shops/TyUiO
XpertCreation,1-S-3B/2 Ghazali Park Wahdat Colony Lahore,기타,Pkr 1,100%,https://pay.verychat.io/shops/uGdDg
Peter Emmanuel POS business,"Adeniran Area, Beside Blind center Area Ogbomosho Oyo state",사주/타로,0.007,50%,https://pay.verychat.io/shops/tIWHG
New jasmin and service canter,"Gurbhakot-8, Surkhet nepal",사무기기,1 rupees,50%,https://pay.verychat.io/shops/vjZEL
Sari-sari Store,"Lireo, Coral na Munti Agoncillo, Batangas",기타,0.40,50%,https://pay.verychat.io/shops/GsKoF
Davis washing,35b Vinyard street jakande estate along ago,사무기기,5₦,50%,https://pay.verychat.io/shops/BgNUr
오토그린자동차,도봉로154길 33,기타,10,50%,https://pay.verychat.io/shops/Zhkut
Maryam mukhtar,No 16 kofan kona Zaria,패션/잡화,50,50%,https://pay.verychat.io/shops/jcKrl
티에스조명,경기도 오산시 외삼미로 151,가전/게임,7원,100%,https://pay.verychat.io/shops/MzLnR
Bakery sweet shop,"Amber cinema, Teliwara
Bulandshahr
Pincode 203001
U.P india",기타,Inr 10,50%,https://pay.verychat.io/shops/XvVUp
Global tech,Ilorin sabo oke,기타,50,50%,https://pay.verychat.io/shops/ERqkM
Morris Mensah,"PGH4+FX3, Ejisu",기타,0.01,30%,https://pay.verychat.io/shops/uFmib
Md korana store,Vill-karchali po-kanjia ps-bhandaria dist-garhwa jharkhand,가전/게임,-,-,https://pay.verychat.io/shops/NidXs
Boomcreation,25 shobowale alayo street ikorodu,기타,0.004,5%,https://pay.verychat.io/shops/UZDgI
Viper training camp,"Lingkungan Payaman, Giri, Kec. Giri, Kabupaten Banyuwangi, Jawa Timur 68423",기타,Idr 400000,50%,https://pay.verychat.io/shops/swAWn
Ciipta jaya shop,"Jl. Rancakasiat, Rancamulya, Kec. Pameungpeuk, Kabupaten Bandung, Jawa Barat 40375",패션/잡화,0.007$,50%,https://pay.verychat.io/shops/ryObb
Aman electronic,Ghogri AMARWARA Chhindwara Madhya Pradesh India 480221,기타,10,50%,https://pay.verychat.io/shops/ZCZhA
맥아더,경남 진주시 진주대로 1040번길 3,식당/카페,10원,50%,https://pay.verychat.io/shops/rwMIP
Indomie production company,"52/54, Trans Amadi Industrial Layout, Port Harcourt, Rivers, Nigeria",부동산/인테리어,$2,50%,https://pay.verychat.io/shops/IfDSB
Tama stores and more,Kwaru majalisa,여행/숙박,50,50%,https://pay.verychat.io/shops/GxQzy
Dan Shugabah Tailoring Designer,"Dan Shugabah Tailoring designer. Gombe, Gombe",패션/잡화,0.003$,30%,https://pay.verychat.io/shops/amacc
Rishirudra marketing,Gandhi chowk latur maharashtra 413512,기타,$0.0072,50%,https://pay.verychat.io/shops/OUbrF
511더치앤커피,부산 동구 고관로 135,식당/카페,10원,50%,https://pay.verychat.io/shops/MqWeR
KITCHEN UNTENSIL,Bauchi state,기타,50,50%,https://pay.verychat.io/shops/bCEGr
KOMAI SAUKI ENTERPRISE,Usman danga road opposite Nigeria immigration services zc Area zuru,패션/잡화,50 NAIRA,50%,https://pay.verychat.io/shops/QWHtn
Trader,Yola Main Market Adamawa State,기타,0.002,50%,https://pay.verychat.io/shops/gZBBS
A_I EXCHANGE,"QPRP+8CV, Fehintolu Block Industry, Adankolo New Layout, Lokoja, Adankolo, Lokoja",기타,10NGN,50%,https://pay.verychat.io/shops/oqBwU
Were & Walk,"Shop No 174, New Anand complex market, Top Floor The Mall  Road Solan ( H. P )",패션/잡화,0.62,50%,https://pay.verychat.io/shops/NBgmo
Ummuh meenal snacks&cake design for birthday,Sharada ja en layin gidan dagaci,가전/게임,50,50%,https://pay.verychat.io/shops/Kjgkf
Dj Keysile Enterprise,"Nkpor junction, Nkpor, Idemili L.G.A Anambra state",기타,10,20%,https://pay.verychat.io/shops/boazs
Apna Family Mart,Raiz colony Street No.1 Bhawalpur,미용,1.9pkr.0.1$,50%,https://pay.verychat.io/shops/YsaJC
Bhatti Karyana Store,"35GV+F37 Chowk, Zila Council Rd, Muzaffargarh",식당/카페,0.1,50%,https://pay.verychat.io/shops/uwpLX
Badmus Hammed,No 2 Endurance Street of Igbo Agbowa Ibeshe Ikorodu Lagos,기타,-,-,https://pay.verychat.io/shops/oZjkD
CHAUDHARY KIRANA STORE,"CHAUDHARY KIRANA STORE, COACHING MANDI,NEAR BRILLIANT CHEMISTRY, BAGHDULHAN, HAJIPUR, 844101, INDIA",기타,INR 10  $ 0.1,55%,https://pay.verychat.io/shops/QLkEA
Mk Toc Hairstyle 💇🏾‍♂️,Agbani road Amaechi road before Romchi hotel favour queen plaza filling station.,미용,0.0028$,50%,https://pay.verychat.io/shops/DsHOr
Kilaku Project,https://share.google/1bKjYSemGUVnj8uhQ,식당/카페,0.2$,50%,https://pay.verychat.io/shops/rgKcV
HAMIDA'S TURBANS AND HENNA DESIGNS,"5.2865871, -1.9861801",패션/잡화,0.10,15%,https://pay.verychat.io/shops/zenow
MM Pharmacy,Borno State Damboa Road,의료/건강,0.0012,50%,https://pay.verychat.io/shops/MzEFW
Plastic Ventures,Yola Market Adamawa State,기타,0.002,50%,https://pay.verychat.io/shops/wJFYy
쁘앙송,광주광역시 서구 화정로 253번길 24-1. 1층 매장,식당/카페,10원,100%,https://pay.verychat.io/shops/NYqBa
Alkko commercial company,"Unity block shop A1/010 Africa Tyre village, trade fair complex, badagry expressway Lagos",여행/숙박,0.005$,20%,https://pay.verychat.io/shops/GAVeL
Mini gas station,"C632+M7M Lembuak, Kabupaten Lombok Barat, Nusa Tenggara Bar.",사무기기,"0,9$ - 1,3$",100%,https://pay.verychat.io/shops/QqYCe
Depot Tenang,"Jl. Raya Mejono, Area sawah/kebun, bojong kidul, Palemahan, Kediri 64155",식당/카페,"$1,8",50%,https://pay.verychat.io/shops/zSpjl
Abhi palace,Gimbiya Street Sabon kawo,패션/잡화,50,50%,https://pay.verychat.io/shops/LRfmj
Darry concept graphics,Lautech Ogbomoso,기타,0.007,50%,https://pay.verychat.io/shops/OPbny
Johnis enterprise,Tumfure main market Gombe,가전/게임,0.1,100%,https://pay.verychat.io/shops/geJpn
성남컴퓨터서비스,성남시 중원구 하대원동 132-6번지 1층 위더스컴퓨터,사무기기,10원,100%,https://pay.verychat.io/shops/WxcFk
NS실용음악학원,"아산시 번영로115번길 20-14 Lk빌딩 5층 
010-4198-7170",취미/도서,10,50%,https://pay.verychat.io/shops/hFszg
배곧컴퓨터 다나와 시흥센터,경기 시흥시 서울대학로278번길 8 레드A 311호,사무기기,-,-,https://pay.verychat.io/shops/CvBnM
고기듬뿍대왕비빔밥,"경남 양산시 평산중앙로10 
고기듬뿍대왕비빔밥",식당/카페,5원,100%,https://pay.verychat.io/shops/vfIAj
Noeline's Shopping Point,"Polyclinic,Ho",패션/잡화,20,50%,https://pay.verychat.io/shops/WEqng
양지인쇄,도봉구 도당로 86,사무기기,7원,40%,https://pay.verychat.io/shops/Jyzak
Masum,Gohorpur. Balagonj.sylhet . Bangladesh,패션/잡화,1,100%,https://pay.verychat.io/shops/pvgNr
Abdullah Motors & Parts,"Dilimi street Jos plateau State, Nigeria.",기타,0.0028$,70%,https://pay.verychat.io/shops/RardG
군산빨간곱창,대구 달서구 장기로57서길 8,식당/카페,5원,100%,https://pay.verychat.io/shops/QwErT
Nadir Garnal Store,"Jamshoro, Sindh, Pakistan",기타,PKR 1.99,50%,https://pay.verychat.io/shops/BSHkB
이천억 해물이랑 고기랑,"서울특별시 마포구 월드컵로 105, 1층 (망원동)",식당/카페,30원,30%,https://pay.verychat.io/shops/TDUWo
황금비앤채,인천 부평구 동수북로 162 명성빌딩 501호,의료/건강,500원,50%,https://pay.verychat.io/shops/ErTyU
buks,Randa area ogbomoso,기타,0.1 USD,50%,https://pay.verychat.io/shops/DnAYu
Akosombo Construction,"GGXG+6GG, Kasoa",부동산/인테리어,10,5%,https://pay.verychat.io/shops/mCldq
Signboard business,"36 ซอย อินทามระ 44, 36 ซอย อินทามระ 44 • ดินแดง/ Din Daeng
กรุงเทพมหานคร/ Bangkok,ดินแดง/ Din Daeng, 10400",기타,-,-,https://pay.verychat.io/shops/wSwtd
General store,Main Road Opposite Bus terminal Azadpur Delhi 110033,기타,-,-,https://pay.verychat.io/shops/ynomj
Geralson Place,"76 Nelson Mandela, Uyo",가전/게임,0.004,100%,https://pay.verychat.io/shops/eRXqt
Graphics Design,Emmanuel Alayande College of Education,기타,0.007,65%,https://pay.verychat.io/shops/wCPps
Ibeson computers limited,Odo street,기타,$2,50%,https://pay.verychat.io/shops/VavXi
AFFUL STORE,HPX8+635 Awoshie,패션/잡화,10,5%,https://pay.verychat.io/shops/Lgvog
Lois Clothing,6CQXHPX8+74,기타,0.2 GHS,50%,https://pay.verychat.io/shops/PKjZc
VPS RENTAL SERVICES FOR NODE,"Ngunengan,Selopuro,Kabupaten Ngawi,Jawa Timur",기타,100,50%,https://pay.verychat.io/shops/UgCfx
IHSAN LUXURY STORE,bagadaza transfer na uku gombe,패션/잡화,50,50%,https://pay.verychat.io/shops/QMarE
넥스에이아이티,경남 김해시 주촌면 소망길 88 경남테크노파크시험생산동 1-202호,기타,10원,100%,https://pay.verychat.io/shops/ZxCvN
Theo movers,Challenge ring road Ibadan,가전/게임,-,-,https://pay.verychat.io/shops/YxTnH
얌얌,광주 광산구 고봉로 56 4층 402호,식당/카페,문의,-,https://pay.verychat.io/shops/DfGhK
Blaqdiamond craytivity,"37 ,Osaara Junction Beside Aminat College Gbonagun Obantoko Abeokuta Ogun State",기타,-,-,https://pay.verychat.io/shops/LqBcD
송월타올 포항송도점,경북 포항시 남구 송도해안길112번길 14-1,패션/잡화,10원,30%,https://pay.verychat.io/shops/NqWeR
Choco 1 Graphix,GE-355-6891,기타,GHS 10,100%,https://pay.verychat.io/shops/SGtuU
세덴 정발산점,경기 고양시 일산동구 마두동844-6 세덴,기타,7원,30%,https://pay.verychat.io/shops/OgmeD
ZAYBARH'S WING NIG LTD,No. 1 behind Raudakayi mosque Nasarawa Kano,기타,0.9,50%,https://pay.verychat.io/shops/AAGjn
Precious Communication,"Portharcourt Rivers State, Nigeria",패션/잡화,0.0028$,50%,https://pay.verychat.io/shops/bjDSk
Glover Aluminium,"Fancy Rd, Accra",부동산/인테리어,0.1 GHS,50%,https://pay.verychat.io/shops/ciHPs
Raden pet'shop,Perumahan taman adiyasa blok c8/7 RT 06/06 desa cikasungka kecamatan solear Kabupaten Tangerang,반려동물,0.007,50%,https://pay.verychat.io/shops/zWNYg
Aryan Soft Drinks,"Kasuwar Kuda Hadejia, General Hospital Road.",기타,"₦1,200",50%,https://pay.verychat.io/shops/TbPJX
Tiamin Rice Limited (Rice Farm & Milling Company),"Udubo, Gamawa Local Government Area, Bauchi State, Nigeria.",기타,0.005$,30%,https://pay.verychat.io/shops/xrfzD
Sate taichan,"Jl dewandaru no 11a,jatimulyo, kec lowokwaru, kota malang 65141",식당/카페,23000,50%,https://pay.verychat.io/shops/PxtTw
백조,대전시 중구 유천로45-1  2층,미용,10,35%,https://pay.verychat.io/shops/aDUvo
Sunrise,Ibrahim taiwo road by inwa wada road.kano,사무기기,0.004,50%,https://pay.verychat.io/shops/tVPfM
Zainab teller,Kofar ruwa b,사주/타로,20,95%,https://pay.verychat.io/shops/NEDLI
BJ COMMUNICATIONS,https://maps.app.goo.gl/JAhpJpx5FscFe6PK7,기타,0.0072,30%,https://pay.verychat.io/shops/LnIxv
kryana shop,Agency mor Near Shah Yousaf Mangowal Kalan Tehsil Shahpur District Sargodha,기타,0.1,50%,https://pay.verychat.io/shops/xzTQi
Panchal electronic,Chak bahadurpur datia Madhya Pradesh pin 475661 india,기타,Inr 10,50%,https://pay.verychat.io/shops/pKopC
바이오미스트광주 지사,광주광역시 남구 봉주4길34,패션/잡화,10,50%,https://pay.verychat.io/shops/siNEN
Hajiya amina business IG investment abaya's,Sani Mai nagge B 1666,기타,50,50%,https://pay.verychat.io/shops/dRWTs
Nindya kosmetik,Nindya kosmetik Depan SDN 1 Beleka BUNDARAN PATUNG SAPI LOMBOK BARAT,미용,3,50%,https://pay.verychat.io/shops/GkwRI
Signature,https://maps.app.goo.gl/2QpooqF7QVUxkRgo7,사무기기,100,50%,https://pay.verychat.io/shops/gFest
Putra jaya elektronik,0x88927C8bdE782e753C7C4A3fc878F466a0764c15,가전/게임,100,10%,https://pay.verychat.io/shops/sZLYY
Al-shifa medicine shop,Millennium city kadaure kaduna,의료/건강,0.01,50%,https://pay.verychat.io/shops/tISdo
피씨마루 (PC maru),경기 고양시 일산서구 일산로 638 2층,기타,10원,100%,https://pay.verychat.io/shops/WeRtU
Toko Bangunan Reva,"Handil Bakti, Kec. Alalak, Kabupaten Barito Kuala, Kalimantan Selatan 70582",기타,0.007$,50%,https://pay.verychat.io/shops/nCMUZ
Gaaf Apparel,GMWH+V28 Accra,미용,0.02,20%,https://pay.verychat.io/shops/LTroJ
Chiney's Bakers and Pastries,"20, Ibijoke Street Off Kudirat Abiola Way Oregun Ikeja Lagos.",식당/카페,0.003$,80%,https://pay.verychat.io/shops/rFlOy
Trade,Kaduna state kaduna north Dumbi street Abakpa,기타,0.0017,50%,https://pay.verychat.io/shops/yrxhk
Lamsal Kirana Pasal,"Ghorahi-17, Dang, Nepal.",기타,1 Very=1 Npr.,50%,https://pay.verychat.io/shops/BpjSN
Grand Square Telecoms,5 Ogunsiji Close Mafoluku Oshodi Lagos Nigeria,기타,0.007,50%,https://pay.verychat.io/shops/ehpXq
Cheezious,Gulbahar Num 1 Peshawar,식당/카페,0.1$,50%,https://pay.verychat.io/shops/MwKdQ
AGEN KUE NARASA,Cikarang Selatan Kab.Bekasi,기타,"0,11",100%,https://pay.verychat.io/shops/ovKYM
Freelancing graphics design,Lautech University,기타,0.007,60%,https://pay.verychat.io/shops/qCnhA
Graphics Design,Lautech Teaching Hospital,기타,0.007,60%,https://pay.verychat.io/shops/ttABp
Al-Excel Global Services,"Agberi Compound, Iperin, Ila-Orangun",기타,-,-,https://pay.verychat.io/shops/MndER
Umarne provision shop,Gwagwalada Abattoir Abuja.,기타,₦700,40%,https://pay.verychat.io/shops/znkFA
communication centre,"Gwange ll ward Maiduguri, Borno state.",기타,0.00015,50%,https://pay.verychat.io/shops/jYZuQ
Attahir Global links (textile business),"Shop 111 Fatima house, kwari market ibb road Kano.",패션/잡화,-,-,https://pay.verychat.io/shops/LXpon
GreenVolt Hub Uganda,"Plot 45, Luwum Street, Kampala Central Division, Kampala, Uganda",기타,0.0028,70%,https://pay.verychat.io/shops/PVnfq
Major Computer College and Cyber Cafe,https://maps.app.goo.gl/QNWzzcfqwALND9fMA,식당/카페,0.0072,30%,https://pay.verychat.io/shops/LdhjC
Dakshinkali Hotel & Sekuwa Center,"Godawari Nagarpalika Ward No. -2, Mahendranagar Road Attariya , Kailali, Nepal",식당/카페,-,-,https://pay.verychat.io/shops/ajSfE
신내홈플안경원,서울특별시 중랑구 신내로225 디아뜨겔러리 1층 129호,패션/잡화,10원,50%,https://pay.verychat.io/shops/cWcgW
우드픽쳐스,충북 단양군 단양읍 고수동굴길 3-6,취미/도서,10원,30%,https://pay.verychat.io/shops/pLmNo
(주)여행조아,경남 진주시 남강로 597-1,여행/숙박,10원,50%,https://pay.verychat.io/shops/qNdRa
Dasmesh Dayri Kriyana Store,"Vill.Ghaswa, P.o, Chimmo, Teh.Ratia, Dist. Fatehabad, St. Haryana, Pincode.125051",가전/게임,-,-,https://pay.verychat.io/shops/Vmgjh
Yees fashion design,Mil tara ungogo kano state,패션/잡화,50,20%,https://pay.verychat.io/shops/WUORK
낭만닭터(낭만공장),대구 동구 아양로9길 6-2,식당/카페,-,-,https://pay.verychat.io/shops/RtYuI
Maman Zee Tailoring.,"Jushi, Zaria.",기타,$0.6,50%,https://pay.verychat.io/shops/pGmzJ
캐슬리빙텔,"경기 용인시 수지구 죽전로168번길 3-1 캐슬프라자 701, 702호",여행/숙박,5원,20%,https://pay.verychat.io/shops/UiOpA
Anmol journal store,District Vehari city Mailsi,패션/잡화,0.1,95%,https://pay.verychat.io/shops/OQJEw
zeeta provision store,Dutsen tanshi Near primary school,가전/게임,50,50%,https://pay.verychat.io/shops/SjtoD
CLARITE ROYAL,"No. 6, OMOLOLU-FATUNBI STREET, OFF AZOMBE STREET,  JAKANDE ESTATE,  OSHODI-ISOLO L.G.A,  LAGOS STATE, NIGERIA",패션/잡화,10#,30%,https://pay.verychat.io/shops/VTfJz
눈사랑안경 함양점,경남 함양군 함양읍 용평1길19 1층,의료/건강,5원,50%,https://pay.verychat.io/shops/BRKiC
Kkopi Tea,Sampiruhan Calamba Laguna,식당/카페,-,-,https://pay.verychat.io/shops/ogznk
하이컴,경북 포항시 남구 양학천로136번길 16,가전/게임,10원,20%,https://pay.verychat.io/shops/yUiOp
Clothes and shoes,No 7. Dogon karfe plateau state,패션/잡화,50,50%,https://pay.verychat.io/shops/KaOvG
City Sliquorz,"78c Muwuliriza Rd, Kampala, Uganda",식당/카페,-,-,https://pay.verychat.io/shops/mdfeS
Multi Verychat Exchange and Sell Partners,"Okpanku, Nigeria",기타,0.003$,100%,https://pay.verychat.io/shops/mUxSW
Nasi rames,Taman Jajan Bukti Nusa indah,식당/카페,1000,100%,https://pay.verychat.io/shops/yZDmW
Shafqat kiriana store,Of bhogi thal mauza dhingana tahsil mankera district Bhakkar,사무기기,0.5,60%,https://pay.verychat.io/shops/jHFGU
Kios Umi,Jl raya cibentang No.28,가전/게임,"$0,1",100%,https://pay.verychat.io/shops/tiUac
Frank-Tech Collections,"No 33 Venn Road South, Onitsha, Anambra State, Nigeria.( Photo Shopping Plaza )",미용,#50,50%,https://pay.verychat.io/shops/MqvnZ
سوبر ماركت الاصلى,https://share.google/yymrVns5N2zB2xjHY,기타,0.1,50%,https://pay.verychat.io/shops/XzRDB
EWANS GLOBAL,"ID: @Shioria_1

Name: EWANS GLOBAL 

Address: Suite 101A, Samfa Plaza, Abuja, Nigeria 
Pin code 900211",기타,$0.0072,50%,https://pay.verychat.io/shops/HVJwm
Khawja mobile haitu,Khawja mobile haitu tehsil kallur kot district Bhakkar,기타,1.99 pkr,50%,https://pay.verychat.io/shops/ZGOfv
Living Bor's Car repairs,HPX8+64P Awoshie,기타,Gh¢25,50%,https://pay.verychat.io/shops/Kxfzh
Kitchenwares,Kano,패션/잡화,50,50%,https://pay.verychat.io/shops/ewYzd
YAWA'S ELECTRICALS ENGINEER,HPX8+626 Awoshie,기타,GH¢0.088,10%,https://pay.verychat.io/shops/MVYUF
Teh Solo ( Rese.id ),"Jl. Taman Jajan Bukit Nusa Indah, Serua, Kec. Ciputat, Kota Tangerang Selatan, Banten 15414",식당/카페,200,100%,https://pay.verychat.io/shops/wKjhX
Risol mayo alba,Jl. Bubutan DKA I No. 21 Surabaya,식당/카페,"1,7$",50%,https://pay.verychat.io/shops/KAzjY
Muni's Bakery,"JP26+74R Awoshie, Awoshie washing bay",식당/카페,Gh¢50,5%,https://pay.verychat.io/shops/vjWrA
Mr MK CLOTHING,"Shop no 004, near inec office, tudun wada area, Zuru 872101, Kebbi",패션/잡화,10 Naira,50%,https://pay.verychat.io/shops/hSZwy
레드우드 베리챗 춘천지원센터,강원특별자치도 춘천시 동산면 조양1길 39,기타,10,100%,https://pay.verychat.io/shops/nMqWe
오리궁뎅이체인본부,광주 남구 봉주2길 34,식당/카페,-,-,https://pay.verychat.io/shops/FgHjK
Unique tyres,https://pay.verychat.io/shops/apply,기타,0.10,20%,https://pay.verychat.io/shops/yFAJv
리움공인중개사사무소,서울 서초구 사임당로21 103호(서초동),부동산/인테리어,10,20%,https://pay.verychat.io/shops/eZtWq
toko kue assalamah,"jl raya bojongloa,",식당/카페,10,50%,https://pay.verychat.io/shops/rxRHa
Cosmetics,"Jhaukhael,Bhaktapur Nepal",미용,-,-,https://pay.verychat.io/shops/DfeZh
Printing and phocopy,"Community market A. B. U Kaduna state, Samaru Zaria.",여행/숙박,0.0017,50%,https://pay.verychat.io/shops/SFmVD
OW Oxxy Water,Samping Masjid Al muasyaroh. Kp. Ciagem RT 018/004. Desa.Jayamakmur Kec.Jayakerta Kab.Karawang Prov.Jawabarat Indonesia . 41352,의료/건강,-,-,https://pay.verychat.io/shops/cHbTy
Evelyn,GW-0137-268,미용,5,5%,https://pay.verychat.io/shops/DdMXS
MAHASKA_PHOTOGRAPHY,"Jln. Cot Girek, KM 3, Gampong Nga LT, Dusun Taqwa, Lhoksukon, Aceh, Indonesia 24382",기타,0.0025$,75%,https://pay.verychat.io/shops/jfDtf
RENOVOLT TECHNOLOGY,"9 alonge street, akoka Lagos",기타,50,50%,https://pay.verychat.io/shops/sgNtf
Catering services,Bado Alu quarters,가전/게임,50,50%,https://pay.verychat.io/shops/puNIp
Sulthan Store,"Jl. Sultan Malikul Saleh No. 12 Lam lagang , Kota Banda Aceh, Indonesia",패션/잡화,USD $5,50%,https://pay.verychat.io/shops/nUIwZ
CSC SENTER DIGHAWANI,"DIGHAWANI SAJNA SONPUR AMARWADA CHHINDWARA MADHYA PRADESH 
480221 INDIA",기타,INR10 $0.1,50%,https://pay.verychat.io/shops/BLbld
Amina Mamie solarcape electronics hub,Dauda Mani road kofar sauri sabon titi road Katsina,가전/게임,50,50%,https://pay.verychat.io/shops/rKVWM
car services,https://maps.app.goo.gl/xJn8daoMfkqc3PRb7?g_st=ac,기타,0.001,50%,https://pay.verychat.io/shops/Ocndh
Provision shop,Beside Unguwwar Taiki Special primary School,식당/카페,0.5,50%,https://pay.verychat.io/shops/UVMod
Bistech Welding Works,"1, Orogbo Street,  Afobaje Estate,  Ota.  Ogun State.  Nigeria",기타,-,-,https://pay.verychat.io/shops/hrTuW
Oji boba temple,"Sagolband sayang road konthoujam leikai opposite fabdontics dental care, imphal West, Manipur, India 795001",식당/카페,₹0.50,100%,https://pay.verychat.io/shops/tJsdG
Crunchies cakes and confectionary,"8, nwaham close,araromi ibeju lekki Lagos",식당/카페,-,-,https://pay.verychat.io/shops/HtRwE
basant kirana store,vll-bucheya po-sidhwalia ps-sidhwalia dist-gopalganj  bihar pin-841423,가전/게임,-,-,https://pay.verychat.io/shops/krNdI
FEARLESS Electrical,https://maps.app.goo.gl/nPmQP6N6p5Bz69KR8,기타,Gh$0.088,30%,https://pay.verychat.io/shops/APNZC
DAS Tower,"Khulna,Bangladesh",가전/게임,$0.1,100%,https://pay.verychat.io/shops/smWOb
Crypto vendor,"No. 20 Sir Mendo Ave. Akpasak Estate, Uyo, Akwa Ibom State",기타,0.007,65%,https://pay.verychat.io/shops/qjXSn
Airtime and data vendor,"Lautech, Ogbomoso",기타,0.0007,70%,https://pay.verychat.io/shops/GyDOm
artofzurie,"32 Sarah faboyede street, bucknor ejigbo Lagos state",기타,10 naira,40%,https://pay.verychat.io/shops/RSwPv
Ninie's cuisines,Yandoma Street kofar marusa quaters katsina state,식당/카페,50,50%,https://pay.verychat.io/shops/ZvZbK
Provision store,Jimeta mordarn market,기타,0.0015,50%,https://pay.verychat.io/shops/FCEdU
THE KID'S WEAR STORE,JQJF+8FQ Accra,패션/잡화,10GH¢,30%,https://pay.verychat.io/shops/dYQhB
Nijma Transport,Gazaoua maradi,미용,0.018,50%,https://pay.verychat.io/shops/nuMeB
Karim zarai markaz,City Dera Ismail Khan chashma road dahotar Ada,기타,0.2,50%,https://pay.verychat.io/shops/AKFnt
Maserati Farms,https://maps.app.goo.gl/xEhEGiPMLT9XJi5u9?g_st=ic,기타,200,5%,https://pay.verychat.io/shops/nvoeV
Bubur ayam mang udin,"Jln sigura gura barat no 30 karang besuki,kec sukun, kota malang 65149",식당/카페,15000,50%,https://pay.verychat.io/shops/Ifvze
BUP Alpha Admission Batch,"Mirpur Cantonment, Dhaka",취미/도서,AUD 0.01,50%,https://pay.verychat.io/shops/mRWCh
대마돈가 만천1호점,강원도 춘천시 동면 만천로81 1층,식당/카페,10원,50%,https://pay.verychat.io/shops/aZtQr
엠에이치산업,경북 영천시 중앙동1길 102-10 대동다숲아파트 104동 1901호,기타,10,50%,https://pay.verychat.io/shops/IoPaS
Madina Foam Carpet,Police line road district bahawalnagr,기타,Pkr 1.9,50%,https://pay.verychat.io/shops/dnLtr
아낌없이,경기 수원시 장안구 송정로 164,식당/카페,10원,100%,https://pay.verychat.io/shops/IoPaD
Provions,"Katsina State. Dutsinma local GOVERNMENT 
Kadangaru bayan motel dutsinma",부동산/인테리어,0.004,50%,https://pay.verychat.io/shops/KEOwS
태영주차장,부산 북구 만덕동 845-1,기타,5원,50%,https://pay.verychat.io/shops/pKNfx
Gentle Magic Skincare,Shop 13/14 Imo Plaza Cluster BBA Tradefair International Market Ojo Lagos.,미용,$0.007,50%,https://pay.verychat.io/shops/EMFjk
The Hairstylist Inn,55 Dome Road Accra Ghana,미용,GH¢0.88,20%,https://pay.verychat.io/shops/ukUQa
한국재활심리상담센터,제주특별자치도 제주시 동광로 131 일도클리닉 702호,기타,10원,100%,https://pay.verychat.io/shops/UiOpS
GARUS PHONE STORE,"Shop no 20 phone centre zango area,872101, kebbi state",기타,10 naira,50%,https://pay.verychat.io/shops/spsEC
Freelancing,University of Ibadan,기타,0.007,60%,https://pay.verychat.io/shops/CMeIO
"Bhawana vegetable,fruit saplayer","shree krishnapur,kanchanpur.gularya,Nepal
sudherpachim Pradesh Nepal.",부동산/인테리어,-,-,https://pay.verychat.io/shops/UxJkP
Mobile Shop,"Dallu awas, Swyambhu15, Kathmandu, Nepal",기타,-,-,https://pay.verychat.io/shops/KjMpQ
R&C 디자인,"인천광역시 부평구 새벌로 29, 부평테크노타워 612호",부동산/인테리어,-,-,https://pay.verychat.io/shops/oMgeN
Data and airtime vendor,"University of Ibadan, Oyo state",기타,0.007,60%,https://pay.verychat.io/shops/XWtmo
Clothing  business,Ibeju likki shopping  🛍  clothing  plaza  number  3 ifelodu street,미용,-,-,https://pay.verychat.io/shops/qUVFZ
Jiddancy22 house for humra kaskon,NO5 zakari raod majalisa kwaru badarawa Kaduna State,가전/게임,50,50%,https://pay.verychat.io/shops/JKMGE
Warung seblak te4 dan tahu gejrot,"Jalan raya, sangiang, pamarayan,serang",식당/카페,10,50%,https://pay.verychat.io/shops/XbFZi
Cell phone repair.,Ijagbo Offa opposite De real special Bread,기타,$0.01,50%,https://pay.verychat.io/shops/zfDdZ
Hajiya saadatu catering service,Sharada phase 3 kano state,식당/카페,50,50%,https://pay.verychat.io/shops/enBJl
Almadina cloth house store,Almadina cloth house Haitu tehsil kallur kot district bhakkar,기타,1.99pkr,50%,https://pay.verychat.io/shops/aOWCl
Ahsan auto workshop,Ahsan auto workshop Shahpur sahiwal road district Sargodha,사무기기,0.1,30%,https://pay.verychat.io/shops/HwuzM
Toko iyah aki mobil dan motor,"kec.pamarayan, kabupaten,serang banten",패션/잡화,15,50%,https://pay.verychat.io/shops/DeUJT
Muhamad bungsu,"Bahagia,kecamatan Babelan, kabupaten Bekasi, Jawa Barat,17610",기타,1$,100%,https://pay.verychat.io/shops/qvXbx
D-Sign and build construction,"No. 2 Ola street, iyana Itire Surulere",부동산/인테리어,$2,50%,https://pay.verychat.io/shops/GFxaq
Jakes Electrical solutions,HPW7+RR3Awoshie,기타,Gh¢ 20,50%,https://pay.verychat.io/shops/TkFdH
Communication center,Kofar yamma,기타,50,50%,https://pay.verychat.io/shops/bVRVK
비엔비골프연습장,부산 강서구 명지오션시티4로 81 세정프라자 7층,기타,5원,50%,https://pay.verychat.io/shops/vBnMq
Trade,"Kaduna to Jos road, opposite kayarda road, anguwan Waziri, Sabon Birni, Lere LGA Kaduna State of Nigeria.",패션/잡화,0.00321,50%,https://pay.verychat.io/shops/uPfRW
5 star Stationary,Afridi colony orangi town sector 10 karachi west,사무기기,0.1,75%,https://pay.verychat.io/shops/ybgax
Suresh Kiran pasal,"Gurbhakot-8,Surkhet",식당/카페,1,50%,https://pay.verychat.io/shops/DiTUT
Angelina Women’s Footwear,8MRW+J3H Sunyani,패션/잡화,0.200 GHS,30%,https://pay.verychat.io/shops/yBVfC
Suchuks ind tools and co,26 Kindness tradefare center,기타,10#,25%,https://pay.verychat.io/shops/KOwTD
Fashion,Kurfi central mosque,패션/잡화,50,50%,https://pay.verychat.io/shops/rgOUU
sports store,Multan shujhabad Allah wala chowk,가전/게임,1$,50%,https://pay.verychat.io/shops/YZAuR
kirana store,Bhaktapur puranothimi raitol dhungedhara,기타,1very@Rs 1,100%,https://pay.verychat.io/shops/omVAI
Ajen electronics,"ktm ward number 16 Banasthali kharibot ,nagarik bajar",기타,-,-,https://pay.verychat.io/shops/OzIqC
Carink,"Warri Delta State, Nigeria.",부동산/인테리어,0.004$,35%,https://pay.verychat.io/shops/LTSXz
OJ. ENTERPRISE,"Shop no 0013 ahmadu Bello street zango area, zuru,872101, kebbi Nigeria",기타,10 naira,50%,https://pay.verychat.io/shops/AEkuG
Chaudhary Kitab Ghar,"Ada Rasfa, Fort Abbas Yazman Road, Rasafa, 62000",취미/도서,0.1,50%,https://pay.verychat.io/shops/BDAPd
Pharmacy,Karu Abuja FCT,의료/건강,50,50%,https://pay.verychat.io/shops/ywgJI
WitchyTechy Solutions,Katampe Junction.,기타,0.007,50%,https://pay.verychat.io/shops/kqrcg
WE ARE +62,"Jl. Biduri No.19, Sandik, Kec. Batu Layar, Kabupaten Lombok Barat, Nusa Tenggara Bar. 83355",식당/카페,1000,95%,https://pay.verychat.io/shops/ZhdpN
Fruits selling,Katahara handia prayagraj,기타,0.6,10%,https://pay.verychat.io/shops/gmZhS
벽산명품세탁소,부산 사하구 하신중앙로 265 가락타운3단지상가 1층 128호,기타,10원,50%,https://pay.verychat.io/shops/MakfC
Computer shop,Dokri rillu bazar sohu computer shop dokri,사무기기,1.99pkr,50%,https://pay.verychat.io/shops/rJlui
Dudhabale Super Bazar,Lanzeda Dhanora Road Gadchiroli Maharashtra India 442605,가전/게임,0.62,other%,https://pay.verychat.io/shops/wPxsL
Ayam penyet cyber,"Jl. Ciberekah, Manggungjaya, Kec. Rajapolah, Kabupaten Tasikmalaya, Jawa Barat 46155",식당/카페,$1,20%,https://pay.verychat.io/shops/Vmedk
셀럽스터디,경기 양주시 화합로1710번길 177-19 아이테크엠 지식산업단지 5층 507호,패션/잡화,문의,-,https://pay.verychat.io/shops/BnMqW
Kishan cycle store,"Gurbhakot-8surkhet,nepal",사무기기,1 rupees,50%,https://pay.verychat.io/shops/qDQQA
컴홀릭,충남 천안시 서북구 부성6길 39-3 1층 101호,사무기기,변동,100%,https://pay.verychat.io/shops/EnrAC
해달양꼬치,경기도남양주 진접읍 봉현로 24 1층,식당/카페,10,100%,https://pay.verychat.io/shops/Qbjvc
Khani_general_store,Rawalpindi,미용,0.5,50%,https://pay.verychat.io/shops/uXhlo
Kitchen Material,R/Zaki gwarzo road kano state,가전/게임,50,50%,https://pay.verychat.io/shops/PURlf
Zahr&Zahrglobal,"Kofar Fada, Garo",패션/잡화,50%,50%,https://pay.verychat.io/shops/vFhHw
오땡큐염색방,"도봉구 도봉로156길 23-2
1층",미용,8원,30%,https://pay.verychat.io/shops/CoIuR
General store kirana,"Bagerva chandvak jonpur uttar pradesh 
222129",기타,INR 0.65 $0.0072,50%,https://pay.verychat.io/shops/CfWbg
2 in 1 business,Praise chapel area Ogbomoso.,기타,0.0007,70%,https://pay.verychat.io/shops/xvsOI
Ama's Restaurant,JP26+74R Awoshie,식당/카페,15,5%,https://pay.verychat.io/shops/NIcmS
Warung Kopi Shallom,"Jl. Tanjung Pura, Benua Melayu Laut, Kec. Pontianak Sel., Kota Pontianak, Kalimantan Barat 78123",식당/카페,$0.9,50%,https://pay.verychat.io/shops/IdgNN
toko sembako h sukri,"jl tambak pamarayan, kp.baru, kec.pamarayan, kabupaten serang, banten 42176",기타,0.007$,50%,https://pay.verychat.io/shops/XHZFu
부산대박사태권도,"부산시 해운대구 좌동순환로217번길19,LIG건영1차아파트상가302호",기타,10원,10%,https://pay.verychat.io/shops/gQBSI
Abubakar Business Centre,"06, Ebenezer Street, Off Governor's Road, Ikotun, Alimosho LGA, Lagos State.",기타,-,-,https://pay.verychat.io/shops/QwLmE
MS TUTA SPARE PARTS,Tudun wada local government kano State,여행/숙박,50,50%,https://pay.verychat.io/shops/zIGYS
IT educator,University of Lagos,기타,0.007,60%,https://pay.verychat.io/shops/eDyID
서라벌마트,대전 서구 월평로34번길 13 1층,기타,10원,50%,https://pay.verychat.io/shops/hJkLm
Eltek,"Melufen palace, MGX8+Q6C, Olagbeyinwa street, Ogijo 121101, Ogun State. Nigeria",기타,5NGN,40%,https://pay.verychat.io/shops/PqFys
Miemie_investiment,No 06 Manladan NababaTRX,패션/잡화,50,50%,https://pay.verychat.io/shops/rTmfi
기대방수,포항시 북구 대해로 22 기대방수,부동산/인테리어,5,5%,https://pay.verychat.io/shops/dfEOc
Nasi Goreng dan Mie Goreng Ncekyanto,"P.Antasari Gg. Hi. Hasan Basri no 38 Bandarlampung, Indonesia",식당/카페,0.002 USDT,50%,https://pay.verychat.io/shops/vngEs
Damilola Provision Store,https://maps.app.goo.gl/mK6nvYkpA5fSDMC97,의료/건강,0.007,30%,https://pay.verychat.io/shops/nndcz
Meer Hassan Jat kiryana store,"Taluka Jati, District Sujawal, Province Sindh.",가전/게임,1.99 pkr,50%,https://pay.verychat.io/shops/nGHMv
nakowa,No. 2 Ola street iyana ltire surulere,부동산/인테리어,$2,50%,https://pay.verychat.io/shops/PKdAG
FreedomSecure F-Sec CCTV Installation,"Tudun Wada local government Kano, Nigeria",기타,500,50%,https://pay.verychat.io/shops/DPuFM
Emmypoundz Chemist Store,35.Shrimp Road Ogharaefe Oghara,의료/건강,0.007,50%,https://pay.verychat.io/shops/KrEIC
Bakso pedas fa,"Jl.tambak pamarayan,Kp.baru, kecamatan pamarayan,kab.serang",식당/카페,10,50%,https://pay.verychat.io/shops/nzXEV
HKZK COFFEE,Jl. Kh. Mashur 1 Sindangsari Kotabumi Lampung Utara,식당/카페,50 Idr,100%,https://pay.verychat.io/shops/xBBTa
Daisylady Ventures,Eddy shop 2 beside Christiana hospital egbu Owerri Imo state,패션/잡화,0.007,50%,https://pay.verychat.io/shops/VsRRK
DOTMAN CREATIVE CONCEPTS,"8 Fajebe street, Mile 2 Abeokuta Ogun state",기타,-,-,https://pay.verychat.io/shops/hmXek
Sadeeq Furnitures,"Gidan magani opposite Sabilu Rashad Islamiyya Primary school, Rijiyar Lemo, Kano.",기타,$50,50%,https://pay.verychat.io/shops/cDMmn
DeepInk,JQMG+GQ6 Accra,기타,GH¢20,10%,https://pay.verychat.io/shops/LLbEG
도봉구인쇄대영사,서울시 도봉구 도봉로155길 4,기타,10,35%,https://pay.verychat.io/shops/SxbmW
Maman Fatima Trader,Magadawan Rahama ne.,기타,$0.99,50%,https://pay.verychat.io/shops/vhOBl
KGN  ENTERPRISES,India,기타,0.005,50%,https://pay.verychat.io/shops/ZkrkY
오리궁뎅이 백운점,광주광역시 남구 백운로 72-1,식당/카페,10원,100%,https://pay.verychat.io/shops/cICyq
Bubur Ayam Bang Edwin,"PERUMAHAN PONDOK REJO ASRI JL.KENDALISODO No.23, Telukan, Danurejo, Kec. Mertoyudan, Kabupaten Magelang, Jawa Tengah 56172",식당/카페,115 IDR,95%,https://pay.verychat.io/shops/JrFwn
(주)더조은공간,광주광역시 북구 각화대로49,부동산/인테리어,10,100%,https://pay.verychat.io/shops/RTnlb
Rahmah's collection,Type B3 NUBA POLY QUARTERS GASKIYA ZARIA,가전/게임,50,50%,https://pay.verychat.io/shops/TNcGp
Sitala Kirana Pasal,"Gurbhakot nagarpalika-8,Surkhet nepal",식당/카페,1 rupee,50%,https://pay.verychat.io/shops/jCTBZ
Bakso Ikan Akhiong,"Jl. Nusa Indah 1, Darat Sekip, Kec. Pontianak Kota, Kota Pontianak, Kalimantan Barat 78243",식당/카페,$1,20%,https://pay.verychat.io/shops/oLIdE
POS,"Randa Area, Ogbomoso",식당/카페,0.1,70%,https://pay.verychat.io/shops/pTQAk
NaaEmefa,"PPCP+2FW Gilgal villa, Ghana, Unnamed Road, Accra",식당/카페,¢0.088,5%,https://pay.verychat.io/shops/Offgn
진영주차장,부산 서구 충무시장길 17,기타,5원,50%,https://pay.verychat.io/shops/WeRtY
Toko zamzam barokah,"Deris, Prasi, Kec. Gading, Kabupaten Probolinggo, Jawa Timur 67292",기타,0.007$,50%,https://pay.verychat.io/shops/FCMvQ
고집쟁이족발,광주 남구 백운로 56,식당/카페,10,100%,https://pay.verychat.io/shops/wUUtf
Sunny supermarket Enterprise,"Eke Awka Anambra state Nigeria
 Jesus Line  Mkt 6  Vision Section",미용,#4,50%,https://pay.verychat.io/shops/QKyIi
Olatech Gadget,No 7 ope ifa street.,기타,0.0028$,70%,https://pay.verychat.io/shops/GMzXH
Ddmamabrand,"No 7 saheed Aileru street Abule Phase two baba oyin house beside foursquare church 
Ikorodu ibeshe",기타,$0.1,50%,https://pay.verychat.io/shops/FzTJZ
사계절,광명시 옥길동 404-1,기타,10,50%,https://pay.verychat.io/shops/IEGtz
BABAWO BEBEJI FASHION ENTERPRISE,"Shop no 003, near stadium zc area, Zuru 872101, Kebbi",패션/잡화,10 naira,50%,https://pay.verychat.io/shops/kpVcW
해피모먼트,충남 아산시 번영로169번길 12 1층,식당/카페,시세에 따름,100%,https://pay.verychat.io/shops/OpAsD
Joseph contractions,HPX8+64P Awoshie,부동산/인테리어,Gh¢5,5%,https://pay.verychat.io/shops/Iqbjc
Okan Ni Olorun Blocks Industry And Plumbing Services,https://maps.app.goo.gl/E2VMMJZekts5DzTR9,기타,0.0072,30%,https://pay.verychat.io/shops/caQHU
Masha Allah karyana store,"Vegitable Market, Road, near under pass, Purani Toba Tek Singh, Punjab, Pakistan 36050",기타,PKR 1.9 $0.1,50%,https://pay.verychat.io/shops/yGPns
Model Gandum Gerai Abie,https://maps.app.goo.gl/DTcvmiKCVbHAdqHe9?g_st=aw,식당/카페,7,100%,https://pay.verychat.io/shops/YvaHK
진주숯불갈비,울산 중구 평산4길 22 1층,식당/카페,10원,50%,https://pay.verychat.io/shops/PaSdF
Furniture company,Nairobi 50100,기타,1 KES,55%,https://pay.verychat.io/shops/YgKpi
NUEL Sounds and Electronics,"HPPM+MJW Great Garden St, Accra",기타,0.05,10%,https://pay.verychat.io/shops/RXRYm
CHOTPOTA ( চটপটা ),"3no MP checkpost,Jugipara, Rangpur 5401",식당/카페,BDT $0.30,100%,https://pay.verychat.io/shops/JWJYA
Flourish Market,Flourish supermarket katampe two before Okada junction mpape Abuja,미용,0.1$,50%,https://pay.verychat.io/shops/HdELK
Agacy pastries,University of jos,기타,10 naira,35%,https://pay.verychat.io/shops/eIbDU
Babacell,Jl.Limbangan Nagreg Kp cijolang rt 01 rw 08 Ds Ciaro kec Nagreg Kab Bandung,기타,0.00009,50%,https://pay.verychat.io/shops/Dtabi
Somebody hotel and suites,"9XG3+J24, Ibadan 200113, Oyo",여행/숙박,0.004,20%,https://pay.verychat.io/shops/FuZHY
flickstvofficial,New karu nassarawa state,미용,$0.0031,50%,https://pay.verychat.io/shops/Mopfe
Digital Store,Ogbomosho Road Minna Niger State.,패션/잡화,10NGN,50%,https://pay.verychat.io/shops/HpfvV
Warung ponorogo,"Jl jaksa agung suprapto Gg 1 no 43 Samaan,Kec Klojen, Malang 65112",식당/카페,"15,000",50%,https://pay.verychat.io/shops/UxSIu
수완PC,"광주 광산구 장신로 81 1층 101, 102호",취미/도서,-,-,https://pay.verychat.io/shops/oFndS
Pharmacy,Tilottama 01 Radhakrishna chowk Rupandehi Nepal,의료/건강,-,-,https://pay.verychat.io/shops/ANXye
Jay Bajrang KIRANA STORE,MANDLA palatwara parasia Chhindwara Madhya Pradesh India 480441,기타,INR 0.65,50%,https://pay.verychat.io/shops/oxjAi
Ummu farhans Beauty Collections,Kano road kaduna,패션/잡화,0.75,75%,https://pay.verychat.io/shops/aePRc
Adewasiu Abiodun Enterprises,https://maps.app.goo.gl/B2GXJtZcsiCv3fSEA,부동산/인테리어,0.0072,30%,https://pay.verychat.io/shops/lOwJg
Fay_luxuries,NO HH26 ADAMAWA ROAD/ABEKUTA STREET KADUNA.,가전/게임,50,50%,https://pay.verychat.io/shops/fYyRC
Trade,Zaria Road Sokoto State of Nigeria,기타,0.001,50%,https://pay.verychat.io/shops/sQxNF
PEEMERH’S COLLECTION,"Pantami Mallam Kuri Gombe, Nigeria",패션/잡화,0.004,30%,https://pay.verychat.io/shops/XWzFW
labbaik chicken,"jl raya bojongloa, kec.pamarayan, kabupaten serang, banten 42176",식당/카페,10,50%,https://pay.verychat.io/shops/gAmpm
Sadiq medical and health consultation nig Ltd,Sabon garin damba along zaria road gusau zamfara state house number 103,의료/건강,50,50%,https://pay.verychat.io/shops/wNFOJ
좋은이불,경남 합천군 합천읍 동서로 70 1층,패션/잡화,10원,100%,https://pay.verychat.io/shops/Jenzf
Jual jamu oetie,"Perum Pondok Mutiara Asri blok f, 11, Krajan, Pandanlandung, Kec. Wagir, Kabupaten Malang, Jawa Timur 65158",식당/카페,50,100%,https://pay.verychat.io/shops/cNcDf
Koodai coffe,"Jl. Pembangunan Jl. Kaharuddin Nst, Simpang Tiga, Kec. Bukit Raya, Kota Pekanbaru, Riau 28284",식당/카페,1.5 - Varies,95%,https://pay.verychat.io/shops/acGxA
Mobile Shop,"Sohail Mobile Shop, Hito Tehsil, Kallurkot District, Bhakkar",기타,1.99 pkr,50%,https://pay.verychat.io/shops/nIpus
Innovation,"Obunagu Road, Awka, Anambra State, Nigeria",기타,NGN 105,50%,https://pay.verychat.io/shops/CjPUl
KLEBEL'S SWEET COCONUT,GQH6+6F3 Accra Ghana,식당/카페,GH¢0.09,10%,https://pay.verychat.io/shops/yQGqj
YA HAYUL QUAYUM VENTURES,72P7+JGP TARKWA,패션/잡화,0.09,50%,https://pay.verychat.io/shops/RihrG
Zees gallery,No18 imam Jae road NDC layout Kaduna,식당/카페,50,50%,https://pay.verychat.io/shops/zpFcE
Anny store,"Bauchi, Nigeria",기타,0.005,35%,https://pay.verychat.io/shops/NyiEE
Business woman,"Shagari corner,plateau state",기타,50,50%,https://pay.verychat.io/shops/AdIxg
Jagung Bakar & STMJ Tawangmangu,"Komplek Pasar Tawamangu Timur No.11 A, Lowokwaru, Malang, Kota Malang, Jawa Timur 68168",식당/카페,130 IDR,50%,https://pay.verychat.io/shops/seUaX
"Telecom, sim registration","Randa, Ogbomosho",기타,-,-,https://pay.verychat.io/shops/MRcpR
Closet's Hub,JP3C+C7V,기타,200,23%,https://pay.verychat.io/shops/bahaa
맨즈클럽,경기 수원시 권선구 금호로 57,미용,10원,50%,https://pay.verychat.io/shops/NadEk
Tepian Cafe,"Jln. Raya Mauk Desa Jatiwaringin, Kecamatan Mauk, Kabupaten Tangerang, Banten - 15530.",식당/카페,5,100%,https://pay.verychat.io/shops/dVbxA
hydeeunisex salon,opposite Asalam unique international school akala express Ibadan oyo state,미용,0.004,5%,https://pay.verychat.io/shops/ifzUq
Stephdolls Enterprise,"Amakohia-Akwakuma, Owerri 460116, Imo",패션/잡화,$5,50%,https://pay.verychat.io/shops/mdLIL
Depot tenang,"Jl Raya kediri - plosoklaten no 99 katang, sukorejo, kec ngaswm
Kabuoaten Kediri, jawa timur 64182",식당/카페,10.000,50%,https://pay.verychat.io/shops/ZzxvO
PARTETY KIRANA STORE,"Dighawani sajva AMARWARA Madhya Pradesh 480221, India",기타,-,-,https://pay.verychat.io/shops/mEnDS
You Vs You,Tudun Wada Zaria kaduna,패션/잡화,#10 naira,40%,https://pay.verychat.io/shops/pcGot
Graphics design,Ogbomoso,기타,0.007,70%,https://pay.verychat.io/shops/JAYZf
MAJESTY blocks industry,Zone8 junction lokoja kogi state of Nigeria,부동산/인테리어,10,50%,https://pay.verychat.io/shops/lFZmW
Uniquecare,Block 287 jakande estate isolo oshodi Lagos state,미용,-,50%,https://pay.verychat.io/shops/JbEtc
Kuliner Desa,Nglayut Rt 20 / Rw 004 Dlingo Mojosongo Boyolali,식당/카페,"$0,1",50%,https://pay.verychat.io/shops/XnafX
Assomad Global Multiservice Venture,https://maps.app.goo.gl/UamjTgevnygmAy5w5,기타,0.0072,30%,https://pay.verychat.io/shops/ckyBH
Genral store kirana,"Rada Nagar buland sahar uttar pradesh 
India 20311",기타,INR 10,50%,https://pay.verychat.io/shops/bdqAc
Tailoring and fashion,Kundila layin mai unguwa,패션/잡화,$1,50%,https://pay.verychat.io/shops/qZXox
DESFABENG COMPANY LIMITED,"Kidan Kwano, Niger state",패션/잡화,$2,50%,https://pay.verychat.io/shops/HPAch
Maman Maryam me Saida Ina yaji,"Federal low-cost, makama new Extension, opposite Salima bread,Bauchi state.",기타,50,50%,https://pay.verychat.io/shops/BNUgl
뉴욕네일,"광주광역시 서구 염화로 103, 825-12 뉴욕네일",미용,10원,100%,https://pay.verychat.io/shops/aKjhl
Toko Yati Sembako,"Jalan Manyar 66 Slawu, Patrang, Jember, Jawa Timur, Indonesia",기타,1,100%,https://pay.verychat.io/shops/ynLqr
MidCity hotel and Restaurant,48A karkhana Bazar Vehari,여행/숙박,Pkr 1.99,100%,https://pay.verychat.io/shops/ENaYY
Destiny and co,9 Felix nwasu street Igando Lagos Nigeria,부동산/인테리어,$0.03,50%,https://pay.verychat.io/shops/QyDNP
PT RUSSINDO,"Jl. Ampi No.9, Simpang Tiga, Kec. Bukit Raya, Kota Pekanbaru",기타,500 IDR,95%,https://pay.verychat.io/shops/UnyDQ
MDBINMUKHTAR PROVISION STORE,Ƙofar Arewa gidan Yahaya Mukhtar Nearest Shamsi S. Furo provision store .,기타,$0.35,50%,https://pay.verychat.io/shops/wVxWd
구룡포일출과메기 포항,경북 포항시 남구 해동로 63,기타,10원,30%,https://pay.verychat.io/shops/zXcVb
Yadav Genreal  Store,226/1 patel  garden kakrola village dwarka New delhi 110078 india,기타,Inr 0.65 $0.0072,50%,https://pay.verychat.io/shops/tzWuJ
Hassan tech,Meelad road faisalabad,사무기기,.1,50%,https://pay.verychat.io/shops/ulfVU
Quality store,Raiz colony Street no.1 bhawlpur,미용,1.9pkr.0.1$,50%,https://pay.verychat.io/shops/UtJmG
Nasi Kuning Slow,"Joho ,Kos nur buaidah",식당/카페,0.8,100%,https://pay.verychat.io/shops/csGtO
살라뽀 salappo,Panglao bohol,식당/카페,0.4,20%,https://pay.verychat.io/shops/ksPkv
Doguwa Field Talk Creative,No 10 Dalhatu road unguwan muazu Kaduna,기타,50,50%,https://pay.verychat.io/shops/jJLWP
Clazzicent clothing,Apata Yakuba,패션/잡화,$2,50%,https://pay.verychat.io/shops/FyFZc
Skycoff,"Jl. Ampi No.13, Simpang Tiga, Kec. Bukit Raya, Kota Pekanbaru, Riau 28284",식당/카페,1.5$ -   Varies,95%,https://pay.verychat.io/shops/pMItB
Provision,Yola Market Adamawa State,기타,0.0017,50%,https://pay.verychat.io/shops/ZbWhv
Muhay  communication and accessories,Maje road hadejia jigawa state. Opposite monie point bank,패션/잡화,50,50%,https://pay.verychat.io/shops/umPUP
동건채,진주시 정촌면 삼일로 12ㆍ번길 9-15,의료/건강,10,50%,https://pay.verychat.io/shops/EfrDc
Murmushin amarya enterprise Bajoga,Unguwar lasan Bajoga,패션/잡화,50,50%,https://pay.verychat.io/shops/nLOjZ
Hanees spices,U/rimi dikko road kaduna state,식당/카페,50,50%,https://pay.verychat.io/shops/hOjYe
Zeman stitches,"Block 20 baba dodo street kakuri Kaduna South, kaduna state.",패션/잡화,10NGN,50%,https://pay.verychat.io/shops/OJjWI
Amaks store,"11 babtunde shogbesan street,jakande estate isolo. Lagos state,
Nigeria.",기타,10#,25%,https://pay.verychat.io/shops/dTPMy
Ihab villa,https://share.google/ysaaRYokMRMtCeNtG,부동산/인테리어,1$,95%,https://pay.verychat.io/shops/wrQlT
웰빙농부들,충청북도 영동군 영동읍 가리 396번지 웰빙농부들,기타,5,50%,https://pay.verychat.io/shops/GNYKO
BOOM WASH(붐워시),진주시 삼일로 122 26(정촌면) 붐워시,기타,10,50%,https://pay.verychat.io/shops/TDrmC
Efya Store,HPW7+J52 Awoshie,기타,200,5%,https://pay.verychat.io/shops/VqXTv
(주)에스아이셀센터 진주지원센터,경남 진주시 동부로169번길 12 B동 502호,의료/건강,-,-,https://pay.verychat.io/shops/ZxCvB
Jubil Enterprise,"66 Oron Road, Uyo, Akwa Ibom State, Nigeria",기타,0.005,20%,https://pay.verychat.io/shops/zYdQO
주식회사 티지세라믹,인천시 서구 심곡로 135번지 대동아파트 103동 804호,부동산/인테리어,-,-,https://pay.verychat.io/shops/tCrmD
ML STYLISH COUTURE,GE-355-6897,패션/잡화,$0.001,5%,https://pay.verychat.io/shops/DfZgg
프렌즈원평스크린 비산점,"[네이버지도]
프렌즈스크린 비산점
경기 안양시 동안구 평촌대로374번길",기타,5원,50%,https://pay.verychat.io/shops/YQdAK
SHEBAH AKKA WHOLESALE PROVISION STORE,https://maps.app.goo.gl/Gxh9Rz8KudkEcBgo8?g_st=aw,가전/게임,0.005 $,50%,https://pay.verychat.io/shops/orPDY
Clothes vendor,Kwara state university,기타,0.001,70%,https://pay.verychat.io/shops/QwhpV
Mancy Fashion and Design,Unguwar Taiki primary school,패션/잡화,$0.75,50%,https://pay.verychat.io/shops/AqHqI
Fashion Design,"S,D Mornogram Shop 7 A&B Plaza Mararaba Nasarawa State",패션/잡화,0.0017,50%,https://pay.verychat.io/shops/NdxUs
HANAN GALLERY,Rafin guza mzaku street opposite GSS Rafin GUZA,패션/잡화,50,50%,https://pay.verychat.io/shops/zBJPY
pandawa keramik pamarayan,"panyabrangan, kec.cikeusal, kabupaten serang, banten 42176",부동산/인테리어,100,50%,https://pay.verychat.io/shops/sGtEj
beyouby _leey,Labam estate,패션/잡화,50,50%,https://pay.verychat.io/shops/tXSIE
SMS DIGITAL STUDIO,"MUKAMBAZAR,RAJNAGOR,MOULVIBAZAR,SYLHET,BANGLADESH",패션/잡화,BDT 0.01,100%,https://pay.verychat.io/shops/zmCoT
Ummusurayyah's Collection,"Damboa road off Almuneer college, Maiduguri.",패션/잡화,30%,70%,https://pay.verychat.io/shops/XEvry
KEDAI ARSUMBA MAZZA,Sumberagung RT02 RW04 Desa Selopanggung kecamatan semen kabupaten Kediri,식당/카페,1000,50%,https://pay.verychat.io/shops/Yzilk
Moduganari bus stop,Moduganari bus stop,미용,0.001,50%,https://pay.verychat.io/shops/HmghI
CRYPTO 101,ROMCHI MONARCH ENUGU,기타,500,50%,https://pay.verychat.io/shops/HCsCx
Bawa boring house and sentary store,Talab Chowk post office khas Budhla Sant District Multan,가전/게임,0.1$ 1pkr,50%,https://pay.verychat.io/shops/VIaZt
암산왕주산학원,부산 연제구 거제시장로22번길 76,기타,10원,50%,https://pay.verychat.io/shops/LmZxC
굿모닝사우나 컷트,"진주시 금산면 금산순환로22번길 4
굿모닝사우나 남탕",미용,10,50%,https://pay.verychat.io/shops/gOnNP
Zaeem Shea butter,Gamzaki opposite stadium kontagora Niger state,미용,30,70%,https://pay.verychat.io/shops/Tobfu
Toko alfatih jaya,https://maps.app.goo.gl/ianzog7zB3wyzY9KA,가전/게임,1,5%,https://pay.verychat.io/shops/GfiWI
GYEDU AUTO WORKS,https://maps.app.goo.gl/mguA1wrSniVanjSSA?g_st=awb,기타,Ghc20,30%,https://pay.verychat.io/shops/vPZSz
EliteTech Computer Solutions,"Plot 5, Tafawa Balewa Way, Opp. Federal Polytechnic Bauchi Main Gate, Bauchi State, Nigeria",기타,-,-,https://pay.verychat.io/shops/BdCqZ
Vegetables & Crops,Nepal,기타,0.005$,40%,https://pay.verychat.io/shops/oGWyl
BRIDGET CLOTHING'S,"Iseyin, Oyo state",기타,0.0007,70%,https://pay.verychat.io/shops/sYVFT
(주)기현,인천시 연수구 청학로 5번길 18 1층 101호,기타,7원,40%,https://pay.verychat.io/shops/LpYxW
베리블리스,대전 동구 충무로 255 103동 1004호 (온라인 센터),기타,-,-,https://pay.verychat.io/shops/JkLzX
Seybamlink Nigeria Ltd,54 Igando Road Ikotun Lagos,사무기기,0.05,50%,https://pay.verychat.io/shops/pHxva
Off Parade Cafe,"14 GTC Gorkha traning centre Subhatu District solan
State Himachal Pradesh 173206",식당/카페,-,-,https://pay.verychat.io/shops/ofCrL
워시테리아 봉담점,경기 화성시 봉담읍 와우안길 74-1,기타,10원,50%,https://pay.verychat.io/shops/LzXcV
업툰,전남 나주시 빛가람로 741 205호,식당/카페,7원 / 10원(초대코드),100%,https://pay.verychat.io/shops/DfGhJ
barata cell,"jl raya bojongloa harendong, kec.pamarayan kabupaten serang",패션/잡화,100,50%,https://pay.verychat.io/shops/LxxWk
Car wash,"Tegrena garyan

Car wash 

Beside gas ⛽ filling station",기타,0.05,35%,https://pay.verychat.io/shops/LwQaa
Lopez Clothing Shop,https://share.google/8uz9HyhHPo1UL8D1x,패션/잡화,1-1000,50%,https://pay.verychat.io/shops/pFaXY
Professional Digital Marker,Lautech Jupeb center Ogbomoso,기타,0.0007,50%,https://pay.verychat.io/shops/MXYSd
BUBUR BRAGA,"Jl. Bukit Umbul, Sumurboto, Kec. Banyumanik, Kota Semarang, Jawa Tengah 50269",식당/카페,$1,20%,https://pay.verychat.io/shops/WdKMK
Senzo Phones And Accessories,Asante Bekwai,패션/잡화,GH¢0.008,5%,https://pay.verychat.io/shops/NUiAw
Electrical and Electronics repairer and solar service,"Ruflat shopping  complex, ogbooro road opposite Muslim hospital saki Oyo state",기타,0.007,60%,https://pay.verychat.io/shops/mLkaq
ABRAR GLOBAL TELECOMMS,"Magama gumau ,Toro local government area, Bauch state, Nigeria.",기타,$0.004 - $0.005,40%,https://pay.verychat.io/shops/XXTXD
Fishing intertement,Hayinna iya layin zaurawa,기타,50,50%,https://pay.verychat.io/shops/WNKvs
더나눔트레이딩,경남 진주시 문산읍 소문리 17번길 13-2,의료/건강,10,50%,https://pay.verychat.io/shops/lgxPx
Dairy product,"tillotoma-1,Butwal ,Nepal",기타,1 VERY@ 1 NPR,50%,https://pay.verychat.io/shops/ZnrTd
포휀,경기도 동두천시 동광로 298,식당/카페,5,20%,https://pay.verychat.io/shops/LhxHr
Elite gym,Elite gym belakang pegadaian madiun,사무기기,11000,100%,https://pay.verychat.io/shops/QXOCp
Provision,Hausari market,기타,0.0017,50%,https://pay.verychat.io/shops/NuJOl
Coffee shop,"Jl. Ciasin, Bendungan, Kec. Ciawi, Kabupaten Bogor, Jawa Barat 16720",식당/카페,0.007$,50%,https://pay.verychat.io/shops/CnuMB
ERI Store,"14, Seye Ogunlewe crescent, Igbogbo, Ikorodu, Lagos, Nigeria",기타,10NGN,50%,https://pay.verychat.io/shops/MpRzC
Aryan general kirana store,"Kolhiya past- dhadra tehsil AMARWARA Chhindwara Madhya Pradesh 480221
India",기타,INR 10 to $ 0.1,50%,https://pay.verychat.io/shops/rDaCt
Attainers Kiddies Montessori School,"25, Olanipeku Street, Oke-ira Ogba Lagos.",기타,#10,20%,https://pay.verychat.io/shops/kZUAI
aya da wake suya,Bungudu yar tasha,가전/게임,50,50%,https://pay.verychat.io/shops/CVNFG
Affiliate marketing,University of Ilorin,기타,0.007,60%,https://pay.verychat.io/shops/dqmzu
BODA COSMETICS,"Shop no 10 new market zanga area, zuru,872101",미용,10 Naira,50%,https://pay.verychat.io/shops/XCVLW
열린보청기,서울시 도봉구 도봉로736 1층,의료/건강,10,30%,https://pay.verychat.io/shops/VRGDZ
준에어시스템,인천시 부평구 부일로12,기타,10,50%,https://pay.verychat.io/shops/IBIgQ
Aarati Hotel,"Furkekhola,Gajuri-02 Dhading district Bagmati Province Nepal",식당/카페,-,-,https://pay.verychat.io/shops/TshZb
Uncle Sufee Farm,F55 Alfa Raja Road Ekowuna Ward Agaie Local Government in Niger State,반려동물,$2,50%,https://pay.verychat.io/shops/CSvNm
Family kitchen,Chitwan punamchokw,식당/카페,1 very 1 rs,50%,https://pay.verychat.io/shops/OULAT
Sonal Footwear,Samroli Chikhli Gujarat 396521,패션/잡화,-,-,https://pay.verychat.io/shops/CXwBm
ZAMANI CAPS,"Shop 002, Zc Area, zc area, near stadium, Zuru 872101, Kebbi",패션/잡화,10 naira,50%,https://pay.verychat.io/shops/nzovO
주식회사 서강,진주시 가호방아길 52-49,부동산/인테리어,10,50%,https://pay.verychat.io/shops/Nssov
Beastly promotions,"Plot 66A Ademola babalola street ,behind KDT ,Ajah",기타,0.1,50%,https://pay.verychat.io/shops/ezdjY
Gamerz Lodge,"5, Dejodairo street, Monatan, Iwo road, Ibadan.",가전/게임,1,50%,https://pay.verychat.io/shops/qIcEe
Eniesa Phone Consult,https://maps.app.goo.gl/hM1ZLZKxqPWq3PMz5,기타,0.0072,20%,https://pay.verychat.io/shops/YjOmC
Seblak Jeletot Teh Wina 7 Jatijajar,"Jl. Jatijajar 1 No.46, RT.03/RW.04, Jatijajar, Kec. Tapos, Kota Depok, Jawa Barat 16451",식당/카페,AUD $1,30%,https://pay.verychat.io/shops/LpkIk
Hay loundry,"Jl. Pasir Putih No.10, Simpang Tiga, Kec. Bukit Raya, Kota Pekanbaru, Riau 28284",기타,0.4$ - Varies,95%,https://pay.verychat.io/shops/eNHzO
S S Enterprise,"Anipur Bazar , Baruala Road 1st Shop,Vill- Saitrishhal, Pin - 788734, P.O - AnipurP.S- Ratabari,Dist- Karimganj (Sribhumi),State- Assam",패션/잡화,AUD $0.01,100%,https://pay.verychat.io/shops/VQedR
Mie ayam bakso kirno,"kec.pamarayan, kabupaten serang,banten",식당/카페,10,50%,https://pay.verychat.io/shops/UkHGY
Warung Makan Ki Bayul,"6.750053,111.028128 , Pati, Indonesia",식당/카페,0.7$,50%,https://pay.verychat.io/shops/KerRW
SAGIR FASHION HOUSE,"Shop no 00 opposite police station G.R.A street zc area, Zuru, 872101, Kebbi",패션/잡화,10 naira,50%,https://pay.verychat.io/shops/dZHgo
주식회사 엑셀리온,"부산시 영도구 태종로 727, 1110호 해양대학교 산학허브관",기타,-,-,https://pay.verychat.io/shops/OkFDm
maqil cake and cokiees,"sangiang pamarayan serang regaency, banten 42176",식당/카페,100,50%,https://pay.verychat.io/shops/yxPtd
Medicine Store,Yola Market Adamawa State,의료/건강,0.002,50%,https://pay.verychat.io/shops/ureov
Soto semarang pak tri,"62XH+X6 Puri, Kabupaten Pati, Jawa Tengah, Indonesia",식당/카페,0.5$,50%,https://pay.verychat.io/shops/sKhdH
지엠에이전트,부산 해운대구 센텀중앙로 90 큐비e센텀 807호,의료/건강,10원,30%,https://pay.verychat.io/shops/SdFgH
Freelancing graphics design,University of Ibadan,기타,0.007,65%,https://pay.verychat.io/shops/mZLpb
Dapur kota,"Jl candi mendut sel VII no 13 Tulusrejo kec Lowokwaru, kota Malang, Jawa Timur 65141",식당/카페,"10,000",50%,https://pay.verychat.io/shops/uNAfi
Sa'adatu Kitchens materials,"Malumfashi, Masari ƙafur market",기타,$0.04,50%,https://pay.verychat.io/shops/CTSrP
Dr Simon Exchange,"Adamawa state, Hong, Mbalwaha street.",사무기기,10,30%,https://pay.verychat.io/shops/nVjxo
BUKAR ELECTRICAL STORE.,Nayinawa Damaturu,패션/잡화,0.0022,50%,https://pay.verychat.io/shops/FWAoX
M.T Provisions Store,"Communal Area, Opposite Health centre, Isedo, Ila-orangun",식당/카페,-,-,https://pay.verychat.io/shops/MzdFE
위더스,"성남시 중원구 둔촌대로 425번길 19, 1층 위더스컴퓨터",사무기기,5원,100%,https://pay.verychat.io/shops/ERRUR
Snack's and more,Airport road aviation quarters Kano,식당/카페,50,50%,https://pay.verychat.io/shops/JQhrk
O7 Stores,HPX5+FH6 Awoshie,기타,$0.5,5%,https://pay.verychat.io/shops/GwqJK
Karyana store,Basti Hussain abad tehsil Kabirwala district khanewal,식당/카페,0.1,40%,https://pay.verychat.io/shops/iNOOz
인본푸드닥터,경기 화성시 노작로4길 5-26 1층,기타,10원,50%,https://pay.verychat.io/shops/aQwEr
Ayomide venture provisions store,9 chiwunzo street jakande estate canal view,기타,#10,55%,https://pay.verychat.io/shops/jhHOa
"Accessories, Gsm Spare part","Shop. No.26 Gidan Baba Na Begu, Bata market Kano.",패션/잡화,0.002,50%,https://pay.verychat.io/shops/fLZSW
연흥,경기도 김포시 대곶면 오니산로 52,기타,10,100%,https://pay.verychat.io/shops/FaZqz
Korasa Café,https://share.google/BV1CgmwrIiy7KcqEE,식당/카페,0.01,50%,https://pay.verychat.io/shops/raCTn
MSTKURNA PROVISION AND SOFT DRINKS STORE,https://share.google/VTCqgC24YEThWb2YW,기타,0.001,50%,https://pay.verychat.io/shops/adbEr
OLOHUNYO-LOVE GLOBAL SERVICES LTD,24b aribido street arepo ogun state Nigeria,부동산/인테리어,4 Naira,50%,https://pay.verychat.io/shops/NbpIr
Up Success Electronics and Electrical Store,https://maps.app.goo.gl/Qn2QrHVXwoyZTecn7?g_st=aw,기타,0.0072,30%,https://pay.verychat.io/shops/kuGXE
Asena Training camp,"Jl. Sendang Kamal, Sumber, Kraton, Kec. Maospati, Kabupaten Magetan, Jawa Timur 63392",의료/건강,5000,100%,https://pay.verychat.io/shops/CDzit
Ummita's kitchen and more,"14nh zuba road, kabalan doki",식당/카페,50,50%,https://pay.verychat.io/shops/DbjRl
제일컴퓨터세탁,진주시 진양호로 389 (신안동),기타,10원,50%,https://pay.verychat.io/shops/ODzRd
Glories Art,Marine drive Gwadar,패션/잡화,1 PKR,20%,https://pay.verychat.io/shops/BtJSz
Maman Abba voitec dising,Kano state bacirawa layin karamci lambar gida233,패션/잡화,50,50%,https://pay.verychat.io/shops/eQkbo
Khedr El Attar,"Home
39XJ+GFH, Sheraton Al Matar, El Nozha, Cairo Governorate 4471352 @30.098818,31.381234

Store
13 Al Moez Ldin Allah Al Fatmi, El-Gamaleya, El Gamaliya, Cairo Governorate 4331167, Egypt",기타,0.008,50%,https://pay.verychat.io/shops/jKlmK
Cafe kos ramayla,https://maps.app.goo.gl/aRokuLrWg8mvVNZr7?g_st=ac,식당/카페,1,20%,https://pay.verychat.io/shops/yOqrQ
Fareeda Tubers,119/5 Muhammad Barno Street Jos plateau State,기타,50,50%,https://pay.verychat.io/shops/fFgaj
Been Saleem adam,TUDUN NASARA DAKWA (DIE DIE ABUJA),패션/잡화,$0.01,50%,https://pay.verychat.io/shops/dPsiZ
Catering Bu uswah,jln raya tambak kamulyan banyumas jawa tengah Indonesia,식당/카페,Usd 1,50%,https://pay.verychat.io/shops/AVIJV
Ummunoor soft drinks,No. 7 Karaye road Unguwar Dosa,기타,$0.4,50%,https://pay.verychat.io/shops/XFTEf
ARIF STORE,"Reta Plot Shah Faisal Colony, Shah Faisal Town, 75230 Pakistan",기타,-,-,https://pay.verychat.io/shops/zUndF
RAJA BAKSO,Raja bakso madiun,식당/카페,7500,95%,https://pay.verychat.io/shops/tPrnq
전굽는아지매,경남 창원시 진해구 용원로 54-1 1층,식당/카페,변동,50%,https://pay.verychat.io/shops/ZxYtR
Kenangan caffe,Madiun,식당/카페,17000,90%,https://pay.verychat.io/shops/mqrzG
다해에어컨,인천시 남동구 구월말로 3번길 30,가전/게임,10,50%,https://pay.verychat.io/shops/yIoHi
Sady's stitches fashion design,"No102 beside emirate clinic nyikembe gurara juction, chanchaga local government Niger state Nigeria",패션/잡화,50%,50%,https://pay.verychat.io/shops/vjIDd
Furniture,Kaduna state Zaria City Lowcos Bakin Masallaci,패션/잡화,0.002 USDT,50%,https://pay.verychat.io/shops/AcQum
One pixel freelance and graphics,"Lautech college, Ogbomoso",기타,0.0007,50%,https://pay.verychat.io/shops/GGEgZ
Sauki Chemist Kurna Asabe layin mayanka,Kurna Asabe sauki Chemist kan mayanka,의료/건강,0.002,50%,https://pay.verychat.io/shops/OxKna
Cosmetics,MARADI AHMADU MODEL PRM,기타,50,50%,https://pay.verychat.io/shops/UISEJ
"Trade, Wholesale Firewood",Katsina state sabuwar unguwa,기타,0.004529,50%,https://pay.verychat.io/shops/lLCTO
Ruma Henna design,"Abba mai gyaran qofar mota, Gidan Baba shitu",미용,$0.005,50%,https://pay.verychat.io/shops/LRIqs
Mama Twins Supermarket,https://maps.app.goo.gl/LUpxUce6hkrKT8DbA,기타,0.0072,30%,https://pay.verychat.io/shops/oXheq
Vijay kirana store,"Muhiuddinpur-hisali, muradnagar Ghaziabad Uttar Pradesh 201206",기타,-,-,https://pay.verychat.io/shops/SsCdx
Airtime and data vendor,Lautech,기타,0.007,70%,https://pay.verychat.io/shops/DxZvh
Maman Teema Collections,FCE STAFF QUARTERS KONTAGORA NIGER STATE NIGERIA,패션/잡화,30,70%,https://pay.verychat.io/shops/UPepk
Jai ambey hotel,Piplia mandi mandsaur madhya pradesh 458664,식당/카페,0.62,10%,https://pay.verychat.io/shops/kJMfF
REALKING FOREX & LUXURY CARS,SHOP NO 001 OPPOSITE POLICE STATION ZC AREA ZURU LGA KEBBI STATE,식당/카페,-,-,https://pay.verychat.io/shops/FAMdR
오리궁뎅이 화정점,광주광역시 서구 월드컵4강로40-1,식당/카페,10원,100%,https://pay.verychat.io/shops/mAtbf
